_id,name,address,phone_number,email
cust0001,George Lincoln,8124 130th Cir.,2599148214,George1@aol.com
cust0002,George Washington,490 134th Dr.,7159147683,George2@yahoo.com
cust0003,George Garfield,1078 106th Cir.,9660121107,George3@yahoo.com
cust0004,Mark Miller,9766 3rd St.,4375115831,Mark1@yahoo.com
cust0005,Megan Brown,4753 153rd Blvd.,5853052956,Megan1@yahoo.com
cust0006,Megan Washington,9550 187th Rd.,4171657941,Megan2@gmail.com
cust0007,Lisa Washington,3016 126th Ave.,4983922064,Lisa1@aol.com
cust0008,Tom Miller,3999 30th Dr.,1100632224,Tom1@msn.com
cust0009,Carly Miller,8890 186th Ave.,3489282312,Carly1@msn.com
cust0010,John Williams,3343 157th Ln.,6391323389,John1@gmail.com
cust0011,Carey Johnson,1973 29th Ln.,3258617712,Carey1@gmail.com
cust0012,Cary Garfield,5716 82nd Cir.,1822733386,Cary1@gmail.com
cust0013,Chris Davis,4360 128th Dr.,6983665255,Chris1@msn.com
cust0014,Cary Anderson,4078 25th Ave.,9532868909,Cary2@yahoo.com
cust0015,Jordan Johnson,4477 37th Rd.,6793452268,Jordan1@msn.com
cust0016,Carly Madison,1019 52nd Ln.,7519298582,Carly2@aol.com
cust0017,Pat Anderson,9175 58th Pky.,8593925021,Pat1@yahoo.com
cust0018,John Lincoln,8685 180th Ave.,4954840069,John2@yahoo.com
cust0019,Cary Johnson,1295 153rd Way,2425373728,Cary3@msn.com
cust0020,Sue Washington,7223 116th Dr.,2822239139,Sue1@msn.com
cust0021,Tom Anderson,929 2nd Pl.,9428484106,Tom2@aol.com
cust0022,Carly Washington,3947 37th Ave.,7655687467,Carly3@msn.com
cust0023,Megan Johnson,9846 66th Pl.,3594887472,Megan3@gmail.com
cust0024,Scott Madison,898 120th Rd.,5107522152,Scott1@yahoo.com
cust0025,Tom Brown,9172 100th Ln.,7459547042,Tom3@msn.com
cust0026,Megan Lincoln,4898 77th Blvd.,6183900812,Megan4@yahoo.com
cust0027,Sue Anderson,3760 147th St.,2851670730,Sue2@aol.com
cust0028,Carey Garfield,7024 17th Pky.,3986856279,Carey2@gmail.com
cust0029,Josh Garfield,1587 43rd St.,6996887423,Josh1@msn.com
cust0030,Jordan Johnson,6380 195th Cir.,5588876774,Jordan2@gmail.com
cust0031,Carey Anderson,6405 109th Ave.,9689256140,Carey3@gmail.com
cust0032,Pat Washington,3723 132nd Cir.,3359925553,Pat2@gmail.com
cust0033,Carly Johnson,1288 50th Rd.,2070331448,Carly4@msn.com
cust0034,Cary Garfield,1987 185th Pky.,5455039368,Cary4@yahoo.com
cust0035,Cary Anderson,7345 5th Pl.,8612437552,Cary5@msn.com
cust0036,Megan Smith,2589 11th Ave.,2406037579,Megan5@aol.com
cust0037,John Madison,833 139th Pl.,4681696600,John3@msn.com
cust0038,Carey Williams,6514 111st Way,7911640982,Carey4@gmail.com
cust0039,Jordan Davis,3420 167th Pky.,2086229696,Jordan3@msn.com
cust0040,Tom Anderson,3496 189th Ave.,7076484935,Tom4@aol.com
cust0041,George Johnson,5811 22nd Pl.,6651049861,George4@yahoo.com
cust0042,Carey Brown,7487 41st Cir.,9511942959,Carey5@yahoo.com
cust0043,Chris Williams,2116 119th Blvd.,7842708334,Chris2@yahoo.com
cust0044,Josh Johnson,273 8th Cir.,7291386872,Josh2@msn.com
cust0045,Carey Washington,2137 3rd Dr.,1987007861,Carey6@gmail.com
cust0046,Carey Smith,3115 183rd Cir.,1582287857,Carey7@aol.com
cust0047,Mark Smith,4545 170th Pky.,4395370044,Mark2@aol.com
cust0048,Carly Smith,8580 67th Rd.,7483199063,Carly5@yahoo.com
cust0049,Jordan Williams,9573 142nd Cir.,1532731632,Jordan4@gmail.com
cust0050,Sue Williams,8015 27th Blvd.,9798516979,Sue3@msn.com
cust0051,Josh Garfield,3960 11th Ln.,1950662714,Josh3@gmail.com
cust0052,Chris Garfield,4151 133rd Cir.,7121409213,Chris3@msn.com
cust0053,Chris Smith,8642 130th Rd.,6206624299,Chris4@msn.com
cust0054,Josh Johnson,2945 46th Ave.,3271844440,Josh4@yahoo.com
cust0055,Scott Madison,6305 139th Pl.,6602475105,Scott2@yahoo.com
cust0056,Lisa Anderson,5929 72nd Way,6899178562,Lisa2@gmail.com
cust0057,Josh Williams,1302 28th Pky.,6448524167,Josh5@yahoo.com
cust0058,Megan Garfield,4506 127th Cir.,6649389184,Megan6@msn.com
cust0059,Carly Davis,7976 196th Pl.,9983612879,Carly6@aol.com
cust0060,Scott Smith,8550 149th Pky.,6652972810,Scott3@aol.com
cust0061,Lisa Madison,7025 65th Way,8592596778,Lisa3@msn.com
cust0062,Josh Johnson,1592 173rd Blvd.,3181484664,Josh6@msn.com
cust0063,Tom Brown,4636 195th Rd.,3840915872,Tom5@msn.com
cust0064,Cary Williams,2782 192nd Pl.,1326836117,Cary6@aol.com
cust0065,Carey Brown,1171 119th Pky.,3948241353,Carey8@yahoo.com
cust0066,Jordan Lincoln,6746 101st Blvd.,2069559464,Jordan5@aol.com
cust0067,Josh Washington,9319 130th Ave.,6278772398,Josh7@aol.com
cust0068,Tom Davis,1246 159th Way,3251253034,Tom6@yahoo.com
cust0069,John Williams,5012 111st Dr.,3844858608,John4@msn.com
cust0070,Megan Garfield,5243 88th St.,8966743822,Megan7@gmail.com
cust0071,Jordan Davis,663 97th Pl.,1443847762,Jordan6@msn.com
cust0072,Mark Garfield,4644 150th Rd.,4589395276,Mark3@yahoo.com
cust0073,John Lincoln,9423 142nd Ave.,6280174921,John5@gmail.com
cust0074,John Smith,8410 125th Pl.,4206104847,John6@msn.com
cust0075,Carey Anderson,3070 9th Blvd.,5124511828,Carey9@yahoo.com
cust0076,Carey Smith,2995 197th Pl.,8912893960,Carey10@aol.com
cust0077,Megan Lincoln,4798 146th Dr.,3008907913,Megan8@msn.com
cust0078,Lisa Williams,7510 104th Way,8798559122,Lisa4@yahoo.com
cust0079,John Brown,6240 114th St.,7712309296,John7@gmail.com
cust0080,Pat Garfield,6304 68th Pl.,2759619466,Pat3@yahoo.com
cust0081,Carey Davis,5661 44th Way,6198087442,Carey11@yahoo.com
cust0082,Cary Brown,8481 68th Ln.,9536212864,Cary7@yahoo.com
cust0083,Scott Anderson,7908 82nd Ave.,9793371222,Scott4@yahoo.com
cust0084,John Washington,3306 145th St.,5114215697,John8@msn.com
cust0085,Carey Madison,5368 193rd Cir.,5160726402,Carey12@gmail.com
cust0086,Lisa Anderson,426 127th Rd.,1491999716,Lisa5@msn.com
cust0087,Lisa Miller,810 119th Dr.,2848991153,Lisa6@yahoo.com
cust0088,Tom Anderson,4062 79th Blvd.,2851305053,Tom7@msn.com
cust0089,Cary Johnson,1110 116th Pky.,7885367010,Cary8@gmail.com
cust0090,Carly Madison,3526 163rd Pky.,3490784150,Carly7@gmail.com
cust0091,John Williams,1552 180th Cir.,2788770793,John9@aol.com
cust0092,George Johnson,8432 19th Pl.,1328565256,George5@yahoo.com
cust0093,Scott Anderson,2160 158th Blvd.,2691700501,Scott5@msn.com
cust0094,Tom Garfield,3880 180th Ln.,9228851897,Tom8@gmail.com
cust0095,George Johnson,1121 127th Dr.,6693909219,George6@yahoo.com
cust0096,Chris Garfield,630 179th Ln.,2007271725,Chris5@gmail.com
cust0097,George Smith,9252 35th Ln.,3732357635,George7@msn.com
cust0098,George Anderson,5030 193rd Rd.,6118666606,George8@aol.com
cust0099,Lisa Madison,6014 5th Way,5753233182,Lisa7@msn.com
cust0100,Carey Smith,9433 196th Ln.,6446778300,Carey13@msn.com
cust0101,Pat Brown,6662 200th Ln.,1032877348,Pat4@gmail.com
cust0102,Sue Garfield,8916 185th Rd.,5272257162,Sue4@msn.com
cust0103,Mark Washington,3202 6th Blvd.,7637458076,Mark4@aol.com
cust0104,Scott Smith,6957 158th Ln.,3980135364,Scott6@msn.com
cust0105,Megan Davis,9891 15th Ln.,2853559677,Megan9@aol.com
cust0106,Tom Miller,8300 90th Pl.,7131460098,Tom9@aol.com
cust0107,Jordan Williams,3125 79th Pl.,3495710395,Jordan7@aol.com
cust0108,Megan Madison,5470 160th Rd.,6053165764,Megan10@gmail.com
cust0109,Josh Anderson,7672 72nd Ave.,9326578203,Josh8@gmail.com
cust0110,Cary Smith,6866 106th St.,2501672471,Cary9@yahoo.com
cust0111,Jordan Davis,3126 16th Dr.,9853254517,Jordan8@gmail.com
cust0112,Jordan Davis,3325 199th Way,6820766883,Jordan9@gmail.com
cust0113,Chris Brown,5130 72nd Pky.,3429367180,Chris6@aol.com
cust0114,Sue Williams,4167 29th Pky.,5450037404,Sue5@gmail.com
cust0115,Pat Williams,9914 50th Way,2314231809,Pat5@aol.com
cust0116,Scott Anderson,2261 132nd Pl.,9956178765,Scott7@aol.com
cust0117,Sue Johnson,2541 109th Cir.,9639496739,Sue6@msn.com
cust0118,Carly Garfield,9553 98th Rd.,9040998764,Carly8@msn.com
cust0119,Carey Miller,9749 125th St.,6746309251,Carey14@yahoo.com
cust0120,Lisa Smith,8992 156th Cir.,1522064383,Lisa8@gmail.com
cust0121,Sue Smith,6206 29th Cir.,1772731981,Sue7@msn.com
cust0122,Chris Smith,3347 153rd Way,8825670199,Chris7@yahoo.com
cust0123,Sue Williams,7615 30th Pl.,5333873347,Sue8@aol.com
cust0124,Chris Johnson,1645 183rd Way,3205425998,Chris8@gmail.com
cust0125,Megan Lincoln,6541 148th Blvd.,6979756384,Megan11@yahoo.com
cust0126,George Smith,7326 29th St.,7122200285,George9@gmail.com
cust0127,George Williams,5008 173rd Ave.,5152047750,George10@msn.com
cust0128,Scott Lincoln,5833 150th Way,4191050439,Scott8@yahoo.com
cust0129,Mark Madison,3591 172nd Rd.,1081502483,Mark5@msn.com
cust0130,Sue Anderson,1100 144th Pl.,7622508804,Sue9@yahoo.com
cust0131,Scott Anderson,2402 118th St.,3419398662,Scott9@yahoo.com
cust0132,John Anderson,6291 84th Blvd.,1873815199,John10@gmail.com
cust0133,Tom Washington,6058 45th Ave.,8965453795,Tom10@msn.com
cust0134,Carly Johnson,9947 66th Dr.,1508135705,Carly9@yahoo.com
cust0135,Tom Miller,9044 159th Dr.,4064005723,Tom11@yahoo.com
cust0136,Mark Brown,5229 33rd Ln.,9925605191,Mark6@msn.com
cust0137,Scott Johnson,6919 145th Pky.,2727147145,Scott10@yahoo.com
cust0138,Scott Garfield,4740 170th Way,3587291386,Scott11@aol.com
cust0139,John Washington,2300 84th Blvd.,8589736611,John11@yahoo.com
cust0140,George Madison,955 98th Ln.,8464762221,George11@yahoo.com
cust0141,Jordan Lincoln,2231 71st Pky.,3072223231,Jordan10@gmail.com
cust0142,Pat Anderson,6869 168th St.,4726891545,Pat6@gmail.com
cust0143,Jordan Anderson,5851 122nd Cir.,2909793334,Jordan11@msn.com
cust0144,Chris Washington,5799 196th Blvd.,3954646518,Chris9@aol.com
cust0145,Megan Anderson,127 157th Pky.,5030120169,Megan12@gmail.com
cust0146,Mark Williams,2663 167th Blvd.,3988658857,Mark7@yahoo.com
cust0147,Mark Williams,3498 81st Cir.,1875913633,Mark8@aol.com
cust0148,Mark Washington,4404 67th Ave.,1343973753,Mark9@yahoo.com
cust0149,Mark Madison,6809 68th Dr.,8814545247,Mark10@msn.com
cust0150,John Davis,8564 90th Pl.,9642719166,John12@yahoo.com
cust0151,Carly Davis,1332 52nd Pl.,6393518913,Carly10@aol.com
cust0152,Josh Williams,8454 105th Pky.,5599371110,Josh9@aol.com
cust0153,Carey Johnson,6798 26th Ln.,8083809531,Carey15@msn.com
cust0154,Tom Garfield,1916 116th Ave.,3140043331,Tom12@yahoo.com
cust0155,Jordan Brown,4127 166th Dr.,9132904151,Jordan12@aol.com
cust0156,Chris Garfield,1550 147th Pl.,6632568988,Chris10@yahoo.com
cust0157,Sue Garfield,8663 175th Pky.,9683881040,Sue10@gmail.com
cust0158,Megan Brown,4030 76th Ln.,7064579291,Megan13@gmail.com
cust0159,Chris Anderson,834 102nd Pl.,1138941436,Chris11@gmail.com
cust0160,John Garfield,4369 155th Dr.,7108940690,John13@gmail.com
cust0161,Chris Smith,4995 17th Cir.,7558170306,Chris12@msn.com
cust0162,Mark Williams,6442 81st Way,2974712468,Mark11@aol.com
cust0163,Chris Smith,8462 38th Cir.,6478848167,Chris13@aol.com
cust0164,Chris Brown,1448 18th Ave.,5865617201,Chris14@yahoo.com
cust0165,Mark Madison,9079 128th Pl.,1365555519,Mark12@aol.com
cust0166,George Davis,2734 151st Rd.,3670124236,George12@gmail.com
cust0167,Chris Brown,8211 88th Blvd.,5754155650,Chris15@aol.com
cust0168,George Lincoln,9860 102nd St.,1310454327,George13@gmail.com
cust0169,Scott Anderson,1457 36th Rd.,4076698805,Scott12@gmail.com
cust0170,Josh Brown,3042 148th Ln.,8165442673,Josh10@msn.com
cust0171,Lisa Williams,7635 37th St.,8517557038,Lisa9@gmail.com
cust0172,Sue Madison,3244 113rd Ave.,9224362951,Sue11@yahoo.com
cust0173,Chris Lincoln,1698 96th Dr.,3670853589,Chris16@gmail.com
cust0174,Sue Davis,7947 73rd Way,4474509944,Sue12@msn.com
cust0175,John Madison,2029 62nd Pl.,6787687798,John14@msn.com
cust0176,John Garfield,5589 103rd Ln.,4199256183,John15@aol.com
cust0177,Mark Lincoln,8748 14th Cir.,4013043405,Mark13@gmail.com
cust0178,John Davis,729 132nd Blvd.,1435136304,John16@msn.com
cust0179,Carey Anderson,8581 67th St.,1849751719,Carey16@msn.com
cust0180,Scott Lincoln,4291 6th Blvd.,1138450533,Scott13@aol.com
cust0181,George Garfield,2965 31st Rd.,2359114341,George14@gmail.com
cust0182,Lisa Lincoln,6885 138th Ave.,1403099340,Lisa10@aol.com
cust0183,Pat Anderson,7087 182nd Pl.,8461598102,Pat7@yahoo.com
cust0184,Scott Lincoln,6823 129th Dr.,6281902377,Scott14@yahoo.com
cust0185,George Johnson,7396 23rd Pl.,4028396189,George15@yahoo.com
cust0186,Pat Smith,9795 47th Way,1171801393,Pat8@gmail.com
cust0187,Cary Davis,7347 51st Pl.,8351986975,Cary10@yahoo.com
cust0188,Jordan Johnson,2464 182nd Pl.,5907243160,Jordan13@gmail.com
cust0189,Sue Lincoln,5414 73rd St.,4492101207,Sue13@aol.com
cust0190,Carly Davis,6348 98th Blvd.,6834791345,Carly11@gmail.com
cust0191,Scott Garfield,1974 147th Dr.,3490435007,Scott15@gmail.com
cust0192,Carey Washington,2649 8th Ave.,4556173157,Carey17@msn.com
cust0193,Megan Williams,2009 14th Dr.,7522211759,Megan14@gmail.com
cust0194,Carey Lincoln,3960 20th Ave.,3548020083,Carey18@yahoo.com
cust0195,Josh Washington,8068 4th Blvd.,1774086748,Josh11@msn.com
cust0196,Megan Anderson,6335 15th Dr.,4014941174,Megan15@aol.com
cust0197,Carey Brown,4979 158th Blvd.,5393832004,Carey19@gmail.com
cust0198,Cary Johnson,3086 11th Way,8870485600,Cary11@msn.com
cust0199,Chris Smith,4852 4th Way,6471055419,Chris17@msn.com
cust0200,Carey Brown,5020 47th Rd.,3063256744,Carey20@aol.com
cust0201,Cary Garfield,9547 147th Pl.,6061991227,Cary12@gmail.com
cust0202,Pat Smith,1451 37th Pky.,1471264065,Pat9@aol.com
cust0203,Lisa Madison,5701 84th Ave.,7090205910,Lisa11@aol.com
cust0204,Jordan Garfield,1313 107th Ave.,3546577285,Jordan14@msn.com
cust0205,Cary Miller,7890 186th Blvd.,6886320794,Cary13@aol.com
cust0206,John Washington,7200 2nd Rd.,2578491949,John17@yahoo.com
cust0207,Pat Washington,5324 131st Blvd.,6823206980,Pat10@gmail.com
cust0208,Mark Madison,5645 161st Pl.,1331605595,Mark14@yahoo.com
cust0209,Megan Garfield,3596 171st Rd.,8589276440,Megan16@gmail.com
cust0210,Josh Miller,2070 7th Pl.,8997037859,Josh12@yahoo.com
cust0211,Lisa Miller,1724 9th Way,6367282930,Lisa12@gmail.com
cust0212,Jordan Davis,7897 147th Pky.,6920227331,Jordan15@gmail.com
cust0213,Scott Washington,5478 117th Ave.,7010602922,Scott16@msn.com
cust0214,Mark Lincoln,8790 121st Ln.,7782465469,Mark15@msn.com
cust0215,Tom Garfield,5193 159th Blvd.,3945470162,Tom13@gmail.com
cust0216,Josh Smith,2390 170th Ave.,9658318031,Josh13@gmail.com
cust0217,George Brown,7496 79th Blvd.,3197614045,George16@gmail.com
cust0218,Carey Madison,5814 116th St.,8682075942,Carey21@gmail.com
cust0219,George Miller,4726 81st Ave.,7763039513,George17@aol.com
cust0220,Megan Garfield,1725 184th Pky.,3347080647,Megan17@aol.com
cust0221,Scott Johnson,2993 29th St.,4820988251,Scott17@yahoo.com
cust0222,Megan Williams,1454 116th Pl.,3489760403,Megan18@gmail.com
cust0223,Pat Washington,6909 30th Rd.,9060612357,Pat11@msn.com
cust0224,Cary Johnson,8475 86th Blvd.,3853625683,Cary14@msn.com
cust0225,Carly Johnson,1287 96th Rd.,3035606044,Carly12@msn.com
cust0226,Tom Smith,2674 86th Way,1409158096,Tom14@msn.com
cust0227,Tom Williams,4148 4th Ave.,6952042848,Tom15@aol.com
cust0228,Megan Garfield,8541 32nd Cir.,5880809640,Megan19@gmail.com
cust0229,Carly Washington,1901 53rd St.,5921798094,Carly13@msn.com
cust0230,Mark Lincoln,2168 139th Way,7543975304,Mark16@msn.com
cust0231,Chris Davis,5621 101st Pky.,2912408002,Chris18@msn.com
cust0232,Megan Garfield,5807 157th Pky.,7737047892,Megan20@gmail.com
cust0233,Carly Smith,6564 188th Way,9527353689,Carly14@gmail.com
cust0234,Sue Lincoln,2487 118th Dr.,5750438291,Sue14@yahoo.com
cust0235,Carly Brown,1558 177th St.,4875598044,Carly15@gmail.com
cust0236,Chris Washington,3580 53rd Ln.,2871193733,Chris19@aol.com
cust0237,George Smith,4251 2nd Pl.,1126956659,George18@aol.com
cust0238,Lisa Garfield,6868 75th Blvd.,6590457187,Lisa13@gmail.com
cust0239,George Miller,9290 64th Ave.,4058386073,George19@aol.com
cust0240,Carly Garfield,7824 58th Pky.,3649263551,Carly16@aol.com
cust0241,Tom Williams,9120 165th Cir.,3371100821,Tom16@aol.com
cust0242,Chris Lincoln,1226 105th Ave.,7981172587,Chris20@yahoo.com
cust0243,Sue Brown,6392 168th Pky.,1720529432,Sue15@gmail.com
cust0244,Josh Davis,5398 13th Blvd.,5837547592,Josh14@yahoo.com
cust0245,Sue Anderson,2758 105th St.,4626135209,Sue16@aol.com
cust0246,John Anderson,8948 138th Way,4333427800,John18@gmail.com
cust0247,Tom Lincoln,5115 31st Way,1526888086,Tom17@aol.com
cust0248,Tom Miller,8293 179th Pky.,8297257790,Tom18@yahoo.com
cust0249,Tom Lincoln,5369 135th Ave.,4961639727,Tom19@yahoo.com
cust0250,Carly Davis,164 70th Ave.,7365907534,Carly17@aol.com
cust0251,Carey Smith,2703 105th Pky.,8973404045,Carey22@aol.com
cust0252,Mark Garfield,8134 75th St.,7116865391,Mark17@aol.com
cust0253,Megan Garfield,7654 34th Cir.,6707099343,Megan21@gmail.com
cust0254,Lisa Garfield,2586 17th Ave.,3414098868,Lisa14@yahoo.com
cust0255,Carey Johnson,1189 58th Dr.,7143719542,Carey23@msn.com
cust0256,Carly Garfield,6581 192nd Dr.,8063052636,Carly18@msn.com
cust0257,Cary Anderson,2721 63rd Cir.,4136053513,Cary15@gmail.com
cust0258,Jordan Garfield,8084 64th Rd.,3386646173,Jordan16@aol.com
cust0259,Megan Davis,1827 38th Ave.,5827156090,Megan22@aol.com
cust0260,Mark Madison,3175 98th Ln.,5168503145,Mark18@aol.com
cust0261,Scott Garfield,9266 197th Pky.,2907974960,Scott18@yahoo.com
cust0262,Carly Johnson,4314 29th Cir.,2074296282,Carly19@aol.com
cust0263,Scott Anderson,970 124th Ave.,7640242243,Scott19@msn.com
cust0264,Megan Williams,3478 97th Ln.,7096101099,Megan23@yahoo.com
cust0265,Sue Anderson,7219 87th Rd.,1761620473,Sue17@msn.com
cust0266,Carey Davis,2040 66th Ave.,6986437281,Carey24@yahoo.com
cust0267,Lisa Smith,4066 89th Way,9465244447,Lisa15@gmail.com
cust0268,Tom Madison,6559 69th St.,8037027490,Tom20@aol.com
cust0269,Jordan Lincoln,857 34th Way,4490833187,Jordan17@aol.com
cust0270,Mark Anderson,9858 93rd Way,6920865584,Mark19@aol.com
cust0271,Megan Williams,8798 36th Dr.,8896885758,Megan24@gmail.com
cust0272,Mark Brown,3649 38th St.,8376430477,Mark20@yahoo.com
cust0273,Josh Smith,2386 59th Cir.,6958234511,Josh15@msn.com
cust0274,Carey Davis,231 30th Pky.,7784743904,Carey25@msn.com
cust0275,Mark Miller,4287 157th Blvd.,2086564718,Mark21@gmail.com
cust0276,Jordan Davis,9330 126th Blvd.,4627313186,Jordan18@yahoo.com
cust0277,Cary Lincoln,2471 34th Blvd.,1164126515,Cary16@aol.com
cust0278,Carly Washington,7696 40th Ln.,8026510307,Carly20@yahoo.com
cust0279,Cary Davis,8898 124th Cir.,2009102498,Cary17@yahoo.com
cust0280,Sue Davis,7138 155th Pl.,3108580112,Sue18@yahoo.com
cust0281,Megan Johnson,8291 43rd Pl.,3373139718,Megan25@aol.com
cust0282,George Anderson,3168 23rd Pl.,5164655528,George20@yahoo.com
cust0283,Tom Brown,8755 22nd Dr.,1895665877,Tom21@gmail.com
cust0284,Carly Madison,3029 6th St.,7047054426,Carly21@msn.com
cust0285,Lisa Miller,9139 41st Way,6643744800,Lisa16@gmail.com
cust0286,Mark Garfield,3437 58th Ln.,9607174873,Mark22@gmail.com
cust0287,Lisa Garfield,7117 104th Way,8997910180,Lisa17@gmail.com
cust0288,Mark Washington,1109 61st Way,3941923337,Mark23@aol.com
cust0289,Scott Davis,8212 89th Pl.,3534670504,Scott20@gmail.com
cust0290,Lisa Lincoln,8804 74th St.,3339501941,Lisa18@yahoo.com
cust0291,Mark Brown,8114 66th Ave.,4898938834,Mark24@yahoo.com
cust0292,Sue Johnson,3204 187th Ln.,3460678166,Sue19@gmail.com
cust0293,Josh Williams,4701 145th Ave.,6151888746,Josh16@gmail.com
cust0294,Chris Washington,2983 164th Dr.,9287182344,Chris21@yahoo.com
cust0295,Tom Davis,9086 31st Dr.,8020327171,Tom22@gmail.com
cust0296,Josh Davis,7483 188th Way,2737163351,Josh17@yahoo.com
cust0297,Pat Madison,7339 106th Pl.,7492214648,Pat12@gmail.com
cust0298,Cary Williams,4462 163rd Pky.,7143475717,Cary18@aol.com
cust0299,Sue Miller,7743 61st Way,3872208538,Sue20@msn.com
cust0300,John Williams,6086 162nd Rd.,2166525482,John19@aol.com
cust0301,Mark Lincoln,8257 14th Dr.,1652944525,Mark25@msn.com
cust0302,Carly Garfield,3396 77th St.,6016545367,Carly22@gmail.com
cust0303,John Madison,6260 66th Blvd.,8282737319,John20@aol.com
cust0304,Sue Madison,6142 177th St.,1221891532,Sue21@msn.com
cust0305,Tom Johnson,9653 104th Pl.,1534601376,Tom23@yahoo.com
cust0306,George Brown,5814 53rd Ave.,2917730886,George21@gmail.com
cust0307,Carly Davis,9901 14th Rd.,6933828539,Carly23@aol.com
cust0308,Mark Anderson,5584 170th Rd.,6716532515,Mark26@aol.com
cust0309,Cary Williams,8470 188th Pky.,8939824322,Cary19@aol.com
cust0310,Scott Anderson,5589 102nd Ave.,1903084700,Scott21@msn.com
cust0311,Carly Garfield,3602 155th Pl.,4194335809,Carly24@gmail.com
cust0312,Jordan Lincoln,9602 160th St.,7261519212,Jordan19@yahoo.com
cust0313,Tom Brown,1749 186th Pky.,5345733155,Tom24@gmail.com
cust0314,Megan Miller,8862 82nd Cir.,1608098684,Megan26@gmail.com
cust0315,Carey Madison,6670 8th Blvd.,2630697765,Carey26@aol.com
cust0316,Scott Brown,7901 79th Pky.,1333224687,Scott22@aol.com
cust0317,Mark Washington,9883 88th Pky.,5165080783,Mark27@msn.com
cust0318,Chris Washington,4036 68th Way,5361444998,Chris22@msn.com
cust0319,Mark Smith,6831 12th Pl.,5650785549,Mark28@gmail.com
cust0320,Mark Davis,6454 40th Pky.,5033215522,Mark29@yahoo.com
cust0321,Chris Anderson,8946 65th Rd.,9753597559,Chris23@aol.com
cust0322,Cary Washington,4406 159th Way,5999929558,Cary20@aol.com
cust0323,Carly Garfield,968 57th Pl.,3224416779,Carly25@yahoo.com
cust0324,George Davis,7243 55th Pky.,3803075622,George22@gmail.com
cust0325,Scott Smith,9067 43rd Rd.,2889322183,Scott23@yahoo.com
cust0326,Tom Miller,5135 97th Cir.,4975152581,Tom25@msn.com
cust0327,Josh Brown,7188 78th Way,8185746405,Josh18@yahoo.com
cust0328,Cary Brown,402 159th Dr.,4137188769,Cary21@gmail.com
cust0329,Lisa Johnson,8137 55th Pl.,6492305925,Lisa19@yahoo.com
cust0330,Chris Washington,7364 145th Blvd.,2196329866,Chris24@gmail.com
cust0331,Chris Davis,18 188th St.,8141180174,Chris25@aol.com
cust0332,Josh Miller,3676 24th Cir.,6832735692,Josh19@yahoo.com
cust0333,Scott Davis,8526 110th Dr.,5725634144,Scott24@aol.com
cust0334,George Madison,9524 26th Rd.,6956645412,George23@aol.com
cust0335,John Smith,7988 57th Pky.,3916914212,John21@msn.com
cust0336,George Davis,2349 146th Way,6033483442,George24@yahoo.com
cust0337,Megan Johnson,3538 127th Way,2213295916,Megan27@aol.com
cust0338,Jordan Brown,5510 96th Way,9878467822,Jordan20@gmail.com
cust0339,Scott Miller,7884 48th Pky.,3464266021,Scott25@msn.com
cust0340,Mark Smith,3763 92nd Pl.,4118989430,Mark30@msn.com
cust0341,Tom Davis,6842 101st Ave.,7933565480,Tom26@yahoo.com
cust0342,Josh Smith,315 185th Ln.,4239559712,Josh20@msn.com
cust0343,Tom Anderson,4401 36th Pl.,8377563048,Tom27@gmail.com
cust0344,Tom Washington,3704 199th Pl.,3426378738,Tom28@yahoo.com
cust0345,Lisa Williams,7095 60th Ave.,5508435192,Lisa20@gmail.com
cust0346,Megan Williams,6087 2nd Dr.,3773077169,Megan28@gmail.com
cust0347,Carey Miller,6281 120th Ave.,3047230187,Carey27@msn.com
cust0348,Carey Davis,2531 92nd St.,6479620878,Carey28@gmail.com
cust0349,Cary Garfield,1396 43rd Cir.,6475719135,Cary22@yahoo.com
cust0350,Carly Smith,4698 133rd Dr.,7378955872,Carly26@aol.com
cust0351,Pat Madison,7559 77th Pky.,5559862148,Pat13@gmail.com
cust0352,Sue Miller,6906 65th Pky.,2061055267,Sue22@msn.com
cust0353,Josh Williams,1543 180th Rd.,7221530989,Josh21@msn.com
cust0354,Jordan Miller,5506 13th Rd.,8184356738,Jordan21@aol.com
cust0355,John Madison,1455 129th Cir.,8247234152,John22@aol.com
cust0356,Megan Garfield,7113 163rd Blvd.,6139428974,Megan29@yahoo.com
cust0357,Megan Madison,7032 29th Pl.,1679276972,Megan30@gmail.com
cust0358,Carly Johnson,411 163rd Dr.,7110910755,Carly27@gmail.com
cust0359,Josh Johnson,2658 9th Blvd.,3431688505,Josh22@yahoo.com
cust0360,Chris Miller,9732 97th Cir.,6330968689,Chris26@gmail.com
cust0361,Jordan Lincoln,5736 150th Way,5225187018,Jordan22@yahoo.com
cust0362,George Williams,7621 139th Rd.,5098417288,George25@aol.com
cust0363,Mark Anderson,5026 61st Pky.,2513212851,Mark31@gmail.com
cust0364,George Davis,2457 3rd Pky.,6990679367,George26@yahoo.com
cust0365,Cary Washington,1672 98th Ave.,8316092541,Cary23@yahoo.com
cust0366,Carey Davis,7236 91st Pl.,5201470496,Carey29@msn.com
cust0367,Sue Brown,8706 172nd Pl.,7272613479,Sue23@msn.com
cust0368,Sue Miller,8686 134th Dr.,4753558905,Sue24@aol.com
cust0369,Megan Madison,9868 186th St.,6121262049,Megan31@aol.com
cust0370,Megan Williams,165 128th St.,6223360770,Megan32@yahoo.com
cust0371,George Madison,1240 66th Pky.,4543537241,George27@msn.com
cust0372,John Garfield,2062 171st St.,9670957289,John23@yahoo.com
cust0373,George Davis,8878 141st Pl.,1105377393,George28@msn.com
cust0374,George Washington,9553 119th St.,1250944630,George29@msn.com
cust0375,Lisa Smith,7968 17th Ln.,7510042041,Lisa21@aol.com
cust0376,Cary Smith,4844 46th Cir.,9659139123,Cary24@gmail.com
cust0377,Scott Lincoln,76 134th Ave.,3133695321,Scott26@gmail.com
cust0378,Carly Madison,2066 155th Way,1643664545,Carly28@msn.com
cust0379,Megan Davis,5291 145th Pl.,3912077416,Megan33@yahoo.com
cust0380,Tom Brown,2483 9th Ave.,9196039325,Tom29@yahoo.com
cust0381,Josh Anderson,1323 170th Cir.,7238737491,Josh23@aol.com
cust0382,Lisa Madison,9806 142nd Rd.,7019776825,Lisa22@yahoo.com
cust0383,John Washington,758 75th Pky.,5276510987,John24@yahoo.com
cust0384,Cary Madison,8110 100th Ave.,5292751030,Cary25@msn.com
cust0385,Scott Smith,7014 1st Blvd.,3633359029,Scott27@yahoo.com
cust0386,Megan Brown,1335 178th Pky.,8196041927,Megan34@gmail.com
cust0387,Carey Madison,3610 171st Ave.,7810760459,Carey30@yahoo.com
cust0388,Carly Garfield,159 15th Blvd.,7725599741,Carly29@aol.com
cust0389,Carly Johnson,7390 39th Pky.,9024018609,Carly30@gmail.com
cust0390,George Williams,7760 2nd St.,7363219754,George30@msn.com
cust0391,George Washington,5883 74th Blvd.,4261947008,George31@yahoo.com
cust0392,Lisa Garfield,5637 83rd St.,6188120419,Lisa23@aol.com
cust0393,Carey Davis,6980 70th Cir.,2808705323,Carey31@aol.com
cust0394,Pat Williams,7254 159th Way,5711714758,Pat14@aol.com
cust0395,Megan Anderson,3768 156th Dr.,7612853576,Megan35@aol.com
cust0396,Sue Madison,6475 23rd Way,6755667540,Sue25@msn.com
cust0397,Pat Davis,5090 157th Pky.,1393909861,Pat15@aol.com
cust0398,Mark Davis,977 19th Ln.,7744537852,Mark32@yahoo.com
cust0399,Chris Johnson,2166 168th Ave.,5131140278,Chris27@yahoo.com
cust0400,Cary Brown,4862 33rd Pky.,2808378686,Cary26@gmail.com
cust0401,Mark Davis,24 199th Dr.,2636815433,Mark33@aol.com
cust0402,Carey Williams,7737 114th Ln.,8152639578,Carey32@msn.com
cust0403,John Williams,8736 184th Way,5124441510,John25@yahoo.com
cust0404,Cary Lincoln,3195 31st Pl.,4750448774,Cary27@msn.com
cust0405,Josh Lincoln,8551 66th Dr.,5604029148,Josh24@yahoo.com
cust0406,Lisa Miller,9481 171st Rd.,7939512462,Lisa24@aol.com
cust0407,Carey Brown,2507 158th Blvd.,4512351477,Carey33@msn.com
cust0408,Cary Brown,1806 181st Cir.,7690634743,Cary28@aol.com
cust0409,Cary Johnson,1615 172nd Rd.,3640327533,Cary29@gmail.com
cust0410,John Lincoln,9288 18th St.,2904968654,John26@yahoo.com
cust0411,Carey Johnson,1160 172nd Blvd.,4987210288,Carey34@aol.com
cust0412,Carey Davis,6438 61st Rd.,8717505279,Carey35@yahoo.com
cust0413,Megan Miller,5364 19th Cir.,6487484482,Megan36@aol.com
cust0414,Chris Brown,1005 42nd Dr.,6780927598,Chris28@aol.com
cust0415,Jordan Lincoln,9880 160th Ave.,3853524164,Jordan23@aol.com
cust0416,George Brown,8068 75th Pky.,3579839229,George32@msn.com
cust0417,Megan Lincoln,4030 74th Way,3735581694,Megan37@msn.com
cust0418,Lisa Garfield,3576 105th Blvd.,7397398521,Lisa25@yahoo.com
cust0419,Jordan Anderson,5877 137th Dr.,8104879447,Jordan24@yahoo.com
cust0420,Pat Washington,895 69th St.,3315429711,Pat16@msn.com
cust0421,Cary Madison,8582 31st Ln.,6740886287,Cary30@gmail.com
cust0422,Cary Johnson,2847 13th Ln.,4542385793,Cary31@gmail.com
cust0423,Jordan Williams,6563 9th St.,2889515050,Jordan25@yahoo.com
cust0424,George Lincoln,6612 168th Pky.,2487459768,George33@yahoo.com
cust0425,Scott Williams,5360 51st Blvd.,3924788195,Scott28@msn.com
cust0426,Tom Washington,7632 178th Cir.,8371233255,Tom30@gmail.com
cust0427,George Johnson,9970 194th Pky.,9494524093,George34@gmail.com
cust0428,Megan Washington,9542 124th St.,5131015012,Megan38@yahoo.com
cust0429,John Washington,6303 37th Cir.,2019292744,John27@gmail.com
cust0430,Carly Anderson,7841 35th Pl.,1096130495,Carly31@yahoo.com
cust0431,George Smith,6272 109th Blvd.,8562714590,George35@aol.com
cust0432,Carly Davis,3247 184th St.,4159174812,Carly32@gmail.com
cust0433,Josh Lincoln,4806 85th St.,2561344744,Josh25@aol.com
cust0434,Cary Davis,5619 37th Ave.,1248249281,Cary32@msn.com
cust0435,George Williams,3646 117th Ln.,6686380420,George36@gmail.com
cust0436,Lisa Anderson,6621 13th Rd.,7616849508,Lisa26@yahoo.com
cust0437,John Washington,4118 169th Ave.,8217141854,John28@msn.com
cust0438,Mark Davis,85 105th Dr.,2608564628,Mark34@msn.com
cust0439,Pat Washington,7510 148th Dr.,8974167584,Pat17@msn.com
cust0440,Sue Anderson,1788 113rd St.,7248608126,Sue26@msn.com
cust0441,Carey Washington,7331 99th Ln.,9416509116,Carey36@gmail.com
cust0442,Carey Anderson,1 61st Ave.,8072398963,Carey37@msn.com
cust0443,Pat Washington,6199 154th Way,8608512203,Pat18@yahoo.com
cust0444,Scott Garfield,6569 144th St.,1861740531,Scott29@gmail.com
cust0445,Mark Lincoln,9726 116th Ave.,4574194663,Mark35@gmail.com
cust0446,Scott Smith,1067 96th Cir.,4481647198,Scott30@yahoo.com
cust0447,Sue Davis,6240 127th Ln.,4709969430,Sue27@yahoo.com
cust0448,Carey Lincoln,3995 15th Dr.,7404302553,Carey38@yahoo.com
cust0449,John Anderson,3595 47th Dr.,3055361557,John29@msn.com
cust0450,Chris Williams,8860 76th Dr.,4883280457,Chris29@yahoo.com
cust0451,Chris Johnson,6140 174th Pky.,3371310493,Chris30@gmail.com
cust0452,George Lincoln,9278 35th Ln.,9511807127,George37@aol.com
cust0453,Tom Miller,8190 123rd Ave.,3810860300,Tom31@gmail.com
cust0454,Cary Davis,539 33rd Ln.,3080102227,Cary33@aol.com
cust0455,Scott Johnson,4689 88th Pky.,6501391816,Scott31@yahoo.com
cust0456,Jordan Johnson,5829 58th Pky.,5892735966,Jordan26@yahoo.com
cust0457,Scott Madison,7112 181st Ave.,5132913118,Scott32@yahoo.com
cust0458,Sue Johnson,1410 44th Ln.,6776203486,Sue28@msn.com
cust0459,Carey Anderson,6406 98th Dr.,8129828627,Carey39@aol.com
cust0460,John Washington,3694 141st Pl.,7438740773,John30@msn.com
cust0461,Carey Lincoln,6319 114th Way,8220979014,Carey40@yahoo.com
cust0462,Megan Davis,8288 88th Rd.,2844396408,Megan39@msn.com
cust0463,Lisa Washington,4110 117th Pky.,7034587291,Lisa27@aol.com
cust0464,Sue Garfield,5078 181st St.,4332304001,Sue29@yahoo.com
cust0465,Scott Brown,8619 64th Dr.,6627790366,Scott33@aol.com
cust0466,John Davis,7740 200th Ln.,4558067431,John31@msn.com
cust0467,Carly Garfield,992 71st Pl.,5549844421,Carly33@msn.com
cust0468,George Madison,866 14th Cir.,9666846724,George38@aol.com
cust0469,Megan Smith,3461 75th Ln.,4778738821,Megan40@msn.com
cust0470,Pat Brown,2451 114th Pky.,2771683748,Pat19@msn.com
cust0471,Pat Davis,1833 132nd St.,6310832295,Pat20@gmail.com
cust0472,Josh Miller,4087 82nd Blvd.,1292881722,Josh26@yahoo.com
cust0473,John Garfield,7803 174th Cir.,3148609701,John32@yahoo.com
cust0474,Lisa Johnson,2912 22nd Rd.,8878089754,Lisa28@aol.com
cust0475,Chris Brown,5344 191st Way,6682336042,Chris31@aol.com
cust0476,Chris Davis,1199 51st Pky.,3137114708,Chris32@msn.com
cust0477,Tom Williams,2579 144th Ln.,7383278943,Tom32@msn.com
cust0478,Lisa Brown,9477 83rd Rd.,8992752729,Lisa29@aol.com
cust0479,Mark Smith,4622 50th Ln.,3011813215,Mark36@msn.com
cust0480,Megan Brown,2350 48th St.,1798242727,Megan41@aol.com
cust0481,George Johnson,7094 129th Rd.,3201362401,George39@aol.com
cust0482,Carly Brown,9072 26th Way,7167196360,Carly34@gmail.com
cust0483,George Johnson,3163 54th Ave.,5403519063,George40@msn.com
cust0484,Chris Garfield,1855 104th Pky.,8661222942,Chris33@yahoo.com
cust0485,Pat Davis,9138 137th Rd.,3205123480,Pat21@aol.com
cust0486,Pat Davis,9688 9th Rd.,4318188523,Pat22@yahoo.com
cust0487,Jordan Williams,768 132nd Rd.,7010506437,Jordan27@yahoo.com
cust0488,Lisa Smith,3101 32nd Way,1871019471,Lisa30@yahoo.com
cust0489,Lisa Anderson,6525 27th Blvd.,3175448680,Lisa31@msn.com
cust0490,Lisa Brown,9041 111st Dr.,6087555419,Lisa32@yahoo.com
cust0491,Josh Lincoln,6056 3rd Rd.,4796641371,Josh27@msn.com
cust0492,Josh Garfield,1465 198th St.,1540724884,Josh28@msn.com
cust0493,Chris Anderson,5772 154th Ln.,6494709460,Chris34@gmail.com
cust0494,Carey Miller,3361 37th Cir.,6475439291,Carey41@aol.com
cust0495,Carey Miller,190 47th Dr.,8714269988,Carey42@gmail.com
cust0496,Jordan Lincoln,5444 147th Ave.,4829688975,Jordan28@gmail.com
cust0497,Megan Madison,2993 117th Ln.,6950442601,Megan42@msn.com
cust0498,Carey Davis,6797 22nd Way,1760686450,Carey43@aol.com
cust0499,Cary Smith,3684 196th Cir.,2257651798,Cary34@yahoo.com
cust0500,Tom Davis,9056 6th Blvd.,9998674612,Tom33@gmail.com
cust0501,Sue Smith,3118 36th Ln.,6139223850,Sue30@yahoo.com
cust0502,Pat Miller,6898 81st Cir.,1837254136,Pat23@msn.com
cust0503,John Washington,3493 120th Way,3195638287,John33@aol.com
cust0504,John Miller,254 87th Ave.,5765423528,John34@yahoo.com
cust0505,John Johnson,1339 147th Dr.,3513582518,John35@aol.com
cust0506,Cary Davis,3949 115th Way,2496864168,Cary35@aol.com
cust0507,Chris Lincoln,4062 189th Dr.,2832326654,Chris35@gmail.com
cust0508,Carey Anderson,3577 166th Pky.,6743483977,Carey44@yahoo.com
cust0509,Mark Washington,213 159th Dr.,7348396763,Mark37@aol.com
cust0510,Pat Brown,2883 84th St.,3114802503,Pat24@msn.com
cust0511,Scott Madison,7455 113rd Dr.,4756081031,Scott34@gmail.com
cust0512,John Miller,7789 89th Ave.,6724542776,John36@gmail.com
cust0513,Carly Washington,7101 158th Way,6179633029,Carly35@aol.com
cust0514,Jordan Madison,928 39th Pl.,8667396864,Jordan29@gmail.com
cust0515,Carey Garfield,176 185th Pl.,4367511968,Carey45@aol.com
cust0516,Jordan Anderson,1220 144th Pl.,8740942451,Jordan30@gmail.com
cust0517,Sue Williams,3703 46th Pky.,9540024058,Sue31@msn.com
cust0518,Josh Smith,7566 122nd Ln.,4704783096,Josh29@yahoo.com
cust0519,John Brown,5363 141st Way,1694128074,John37@aol.com
cust0520,Cary Madison,5584 142nd Ln.,3473034270,Cary36@yahoo.com
cust0521,Pat Johnson,1236 82nd Way,4461495585,Pat25@yahoo.com
cust0522,Tom Madison,1146 35th Pl.,8383470774,Tom34@aol.com
cust0523,Cary Garfield,2443 166th Rd.,3212368366,Cary37@msn.com
cust0524,Carly Johnson,7003 171st Pl.,3936238025,Carly36@yahoo.com
cust0525,Mark Miller,5103 104th Blvd.,4381996014,Mark38@msn.com
cust0526,Sue Smith,8411 166th Pl.,5483288123,Sue32@gmail.com
cust0527,Scott Miller,728 144th Dr.,6090255160,Scott35@yahoo.com
cust0528,Josh Williams,5001 51st Rd.,1668648982,Josh30@yahoo.com
cust0529,John Williams,7440 161st Rd.,5532865392,John38@msn.com
cust0530,Pat Johnson,2859 199th Ln.,6199485750,Pat26@aol.com
cust0531,Chris Davis,8360 49th Blvd.,9071063921,Chris36@yahoo.com
cust0532,Chris Garfield,6087 164th Pl.,1283440172,Chris37@msn.com
cust0533,Josh Anderson,4337 141st Dr.,7640858253,Josh31@gmail.com
cust0534,Megan Johnson,2168 135th Dr.,3984962829,Megan43@gmail.com
cust0535,Jordan Smith,9742 51st Ave.,6938481769,Jordan31@msn.com
cust0536,Tom Washington,9669 170th Cir.,8440244711,Tom35@msn.com
cust0537,Josh Lincoln,375 34th Ave.,2728244315,Josh32@msn.com
cust0538,Tom Lincoln,7505 125th Ave.,3120456259,Tom36@gmail.com
cust0539,Sue Madison,3420 59th Dr.,8084808290,Sue33@yahoo.com
cust0540,Jordan Johnson,2272 62nd Rd.,7945148672,Jordan32@gmail.com
cust0541,Sue Garfield,1405 106th Rd.,3326735819,Sue34@msn.com
cust0542,Mark Smith,1309 39th Rd.,1138641830,Mark39@aol.com
cust0543,Lisa Davis,2324 55th Blvd.,4207813428,Lisa33@aol.com
cust0544,Lisa Johnson,8461 121st Pky.,2397930709,Lisa34@msn.com
cust0545,Sue Miller,5078 7th Dr.,8857275403,Sue35@gmail.com
cust0546,John Williams,6692 125th Rd.,9928559610,John39@yahoo.com
cust0547,Tom Miller,4418 6th Ln.,9425880038,Tom37@yahoo.com
cust0548,Cary Garfield,7576 29th Blvd.,5690551028,Cary38@aol.com
cust0549,Sue Miller,2029 121st Way,1585784403,Sue36@aol.com
cust0550,Megan Garfield,6919 159th Rd.,2508671803,Megan44@yahoo.com
cust0551,Lisa Anderson,484 133rd Ln.,7286978267,Lisa35@msn.com
cust0552,Pat Garfield,9843 116th Ave.,9469829461,Pat27@yahoo.com
cust0553,Sue Williams,5721 89th Ave.,2823031652,Sue37@msn.com
cust0554,Sue Smith,7189 175th Cir.,3783806233,Sue38@yahoo.com
cust0555,Sue Madison,4618 35th Pky.,8066517158,Sue39@gmail.com
cust0556,Chris Brown,4188 27th Pky.,7336914642,Chris38@aol.com
cust0557,Cary Williams,5070 126th Cir.,7173696215,Cary39@gmail.com
cust0558,John Johnson,1350 63rd St.,1834987683,John40@gmail.com
cust0559,Cary Anderson,2891 122nd Ln.,8094696577,Cary40@gmail.com
cust0560,Cary Davis,8989 7th Rd.,7196355752,Cary41@msn.com
cust0561,Jordan Williams,8726 143rd Dr.,9118159081,Jordan33@aol.com
cust0562,Pat Anderson,5385 147th Blvd.,7924308910,Pat28@yahoo.com
cust0563,Chris Johnson,1637 82nd Cir.,9956876278,Chris39@yahoo.com
cust0564,Scott Johnson,3309 167th Pky.,4995154692,Scott36@msn.com
cust0565,Josh Johnson,8016 113rd Ln.,5297239472,Josh33@msn.com
cust0566,Pat Lincoln,7687 152nd Blvd.,9683545280,Pat29@aol.com
cust0567,Pat Johnson,9057 94th Pl.,5278555771,Pat30@yahoo.com
cust0568,Mark Garfield,9446 97th Ln.,2942809336,Mark40@msn.com
cust0569,Carly Brown,5069 50th Ln.,8787126928,Carly37@yahoo.com
cust0570,Carly Miller,6602 91st Dr.,9194621481,Carly38@gmail.com
cust0571,Lisa Lincoln,1705 69th Cir.,6692320239,Lisa36@aol.com
cust0572,Sue Brown,1551 128th Cir.,8035550274,Sue40@aol.com
cust0573,Lisa Davis,936 134th Ln.,7508216156,Lisa37@gmail.com
cust0574,Sue Williams,6427 8th St.,1447547165,Sue41@gmail.com
cust0575,Tom Garfield,7873 162nd Pl.,8166394517,Tom38@gmail.com
cust0576,Josh Garfield,2406 196th Pky.,6255355172,Josh34@gmail.com
cust0577,Lisa Smith,5797 100th Blvd.,9748589842,Lisa38@yahoo.com
cust0578,Jordan Madison,6322 102nd Rd.,4765315195,Jordan34@msn.com
cust0579,John Lincoln,6418 56th Ave.,5927667765,John41@yahoo.com
cust0580,Pat Garfield,6107 58th Dr.,2055814075,Pat31@gmail.com
cust0581,Josh Miller,8962 117th Ln.,1719059090,Josh35@msn.com
cust0582,Mark Williams,4279 164th St.,8435296725,Mark41@gmail.com
cust0583,Pat Lincoln,1228 50th Blvd.,2694017336,Pat32@msn.com
cust0584,Jordan Davis,3081 85th Cir.,9455566990,Jordan35@aol.com
cust0585,Mark Johnson,1285 19th St.,3478617908,Mark42@yahoo.com
cust0586,George Smith,1447 131st Ave.,1863957383,George41@aol.com
cust0587,Mark Smith,667 17th Cir.,5869393732,Mark43@gmail.com
cust0588,Megan Johnson,5356 56th Blvd.,6888919761,Megan45@yahoo.com
cust0589,Jordan Johnson,788 172nd Pl.,5674343438,Jordan36@aol.com
cust0590,Megan Smith,5349 142nd Way,6350805143,Megan46@gmail.com
cust0591,Lisa Davis,9340 185th Pl.,3563991369,Lisa39@yahoo.com
cust0592,Lisa Anderson,5203 97th Pl.,2062370333,Lisa40@yahoo.com
cust0593,Carly Madison,8800 161st Ln.,8532225344,Carly39@yahoo.com
cust0594,Lisa Brown,2420 91st Way,5063163912,Lisa41@gmail.com
cust0595,Josh Smith,535 144th Ln.,1825526742,Josh36@msn.com
cust0596,John Garfield,7863 122nd Ave.,1306561848,John42@yahoo.com
cust0597,Josh Smith,3111 100th Cir.,1427900163,Josh37@msn.com
cust0598,Lisa Lincoln,9851 178th Ave.,6816452761,Lisa42@msn.com
cust0599,Carey Anderson,6690 64th Way,9909578385,Carey46@msn.com
cust0600,Carly Lincoln,5885 40th Pky.,3033146310,Carly40@aol.com
cust0601,Pat Williams,16 161st Cir.,6271661991,Pat33@aol.com
cust0602,Tom Davis,3746 179th Ln.,8638524873,Tom39@gmail.com
cust0603,Tom Davis,9431 169th Rd.,7455837646,Tom40@msn.com
cust0604,Pat Davis,2740 177th Way,4004906590,Pat34@msn.com
cust0605,Lisa Washington,4201 51st Ln.,9856740863,Lisa43@msn.com
cust0606,Josh Anderson,1418 123rd Pl.,3247069536,Josh38@msn.com
cust0607,Sue Davis,9886 82nd Way,6098024864,Sue42@msn.com
cust0608,Megan Davis,4314 100th Rd.,8293433770,Megan47@gmail.com
cust0609,John Smith,2607 139th Pl.,8571518934,John43@gmail.com
cust0610,Lisa Garfield,9361 158th Dr.,9205427712,Lisa44@msn.com
cust0611,John Anderson,4227 12th Pl.,1147988749,John44@yahoo.com
cust0612,Megan Miller,1074 164th Blvd.,4234389099,Megan48@yahoo.com
cust0613,Scott Garfield,8143 13th St.,6267953545,Scott37@yahoo.com
cust0614,Tom Lincoln,5238 150th Ave.,3384771403,Tom41@gmail.com
cust0615,Mark Washington,9729 103rd Ave.,9642677582,Mark44@aol.com
cust0616,Carly Miller,8539 73rd Way,4303006142,Carly41@aol.com
cust0617,Lisa Madison,4370 51st Cir.,4612969379,Lisa45@aol.com
cust0618,Jordan Lincoln,2372 191st Rd.,1932501201,Jordan37@msn.com
cust0619,Scott Smith,2793 61st St.,4885673555,Scott38@gmail.com
cust0620,Lisa Lincoln,5502 111st Rd.,9209840807,Lisa46@msn.com
cust0621,Sue Johnson,7417 9th Cir.,3123345652,Sue43@aol.com
cust0622,Mark Smith,251 87th St.,3476420307,Mark45@gmail.com
cust0623,Jordan Johnson,7928 69th Dr.,1088299766,Jordan38@yahoo.com
cust0624,Sue Anderson,8232 160th Ave.,3339020245,Sue44@yahoo.com
cust0625,Josh Washington,8373 135th Rd.,2534546430,Josh39@msn.com
cust0626,Carey Madison,9637 125th Pl.,9302624826,Carey47@gmail.com
cust0627,Chris Anderson,4994 4th Cir.,4013321849,Chris40@aol.com
cust0628,Josh Williams,2043 11th Way,6954873372,Josh40@yahoo.com
cust0629,Cary Brown,1269 84th Cir.,4652040276,Cary42@msn.com
cust0630,Sue Davis,9709 23rd Ln.,1790760605,Sue45@msn.com
cust0631,Sue Johnson,6554 67th Ln.,4402436004,Sue46@aol.com
cust0632,Pat Brown,307 64th Dr.,5072467625,Pat35@aol.com
cust0633,Mark Miller,4369 87th Rd.,1656639804,Mark46@msn.com
cust0634,Jordan Anderson,6663 115th Dr.,7227205156,Jordan39@aol.com
cust0635,George Smith,9681 86th Cir.,1996059938,George42@msn.com
cust0636,George Johnson,8681 110th Pky.,7768941692,George43@yahoo.com
cust0637,Josh Johnson,1203 91st Pky.,8023892182,Josh41@gmail.com
cust0638,George Williams,465 67th Dr.,3312885280,George44@gmail.com
cust0639,Pat Smith,1523 137th Rd.,2986521628,Pat36@yahoo.com
cust0640,Tom Smith,8267 49th St.,3518398719,Tom42@gmail.com
cust0641,Josh Madison,7708 26th Pl.,4765472018,Josh42@aol.com
cust0642,Mark Garfield,2388 139th Pl.,2458117327,Mark47@aol.com
cust0643,George Brown,1472 51st Blvd.,2272143207,George45@yahoo.com
cust0644,Josh Lincoln,3710 194th Ln.,2644042355,Josh43@yahoo.com
cust0645,Pat Madison,6786 31st Ave.,3054789208,Pat37@yahoo.com
cust0646,Carey Davis,8830 18th Dr.,3572636601,Carey48@msn.com
cust0647,Cary Smith,1709 32nd Way,3891568128,Cary43@gmail.com
cust0648,Scott Smith,7632 54th Ln.,4749704553,Scott39@msn.com
cust0649,Josh Williams,3087 125th St.,4665965856,Josh44@msn.com
cust0650,Pat Anderson,9882 1st Ave.,6729144928,Pat38@aol.com
cust0651,Tom Williams,3706 138th Pky.,4815305585,Tom43@gmail.com
cust0652,Sue Madison,8093 119th Cir.,9907053390,Sue47@yahoo.com
cust0653,Pat Washington,8681 27th St.,6614553177,Pat39@yahoo.com
cust0654,Mark Garfield,9034 108th Ln.,6868519006,Mark48@msn.com
cust0655,Sue Brown,4988 155th Ln.,8833973949,Sue48@aol.com
cust0656,Lisa Smith,1789 195th Ave.,2856305238,Lisa47@aol.com
cust0657,Scott Smith,9343 26th Way,3786974184,Scott40@msn.com
cust0658,Scott Davis,1137 154th Blvd.,1329841780,Scott41@yahoo.com
cust0659,George Anderson,1288 96th Dr.,9951377406,George46@gmail.com
cust0660,Megan Anderson,2710 34th Rd.,2354075267,Megan49@msn.com
cust0661,George Williams,5766 43rd Way,8518669517,George47@msn.com
cust0662,Mark Johnson,2622 22nd Ave.,8775772899,Mark49@yahoo.com
cust0663,Tom Smith,1076 10th Ave.,4367530751,Tom44@yahoo.com
cust0664,John Smith,7525 98th Dr.,3078565232,John45@yahoo.com
cust0665,Carly Miller,6279 80th St.,4455224918,Carly42@yahoo.com
cust0666,Carey Brown,9434 45th Pky.,4757169382,Carey49@aol.com
cust0667,Carey Davis,5160 120th Pky.,8667087400,Carey50@gmail.com
cust0668,Tom Johnson,2128 52nd Dr.,8175842891,Tom45@msn.com
cust0669,George Garfield,6643 169th St.,5928220316,George48@msn.com
cust0670,Scott Anderson,3645 21st Cir.,7711113128,Scott42@aol.com
cust0671,John Johnson,1016 185th Rd.,1704168351,John46@msn.com
cust0672,Mark Brown,1785 91st Dr.,6320530045,Mark50@yahoo.com
cust0673,John Brown,9218 144th Ave.,2819882945,John47@msn.com
cust0674,John Washington,5854 49th Pl.,5796610176,John48@gmail.com
cust0675,Lisa Brown,3757 155th Ave.,9004367083,Lisa48@gmail.com
cust0676,Cary Madison,2835 195th Pl.,1037421095,Cary44@gmail.com
cust0677,John Brown,5126 6th Rd.,5422060684,John49@msn.com
cust0678,Tom Johnson,5612 138th Blvd.,4431211229,Tom46@yahoo.com
cust0679,Tom Garfield,6393 13th Cir.,5615867278,Tom47@aol.com
cust0680,John Anderson,1687 119th Way,6054021729,John50@msn.com
cust0681,John Washington,5 91st St.,9216181500,John51@gmail.com
cust0682,Scott Miller,2694 7th Ln.,6624122715,Scott43@aol.com
cust0683,Lisa Davis,3495 68th Way,7137143660,Lisa49@gmail.com
cust0684,Tom Washington,6059 189th St.,8180462234,Tom48@aol.com
cust0685,Megan Lincoln,645 58th Rd.,3936966737,Megan50@aol.com
cust0686,Cary Johnson,1764 172nd Cir.,9444614702,Cary45@gmail.com
cust0687,Megan Miller,6762 82nd Way,9369353808,Megan51@aol.com
cust0688,George Washington,3485 144th Blvd.,1002489423,George49@msn.com
cust0689,Megan Washington,5018 63rd Cir.,3402892290,Megan52@gmail.com
cust0690,Chris Garfield,5142 13th Way,6213797647,Chris41@gmail.com
cust0691,Tom Garfield,8954 117th Way,8086580708,Tom49@msn.com
cust0692,Josh Brown,6688 1st Way,7414289880,Josh45@msn.com
cust0693,Tom Garfield,7298 40th Cir.,4758534243,Tom50@aol.com
cust0694,Carey Miller,311 71st Way,6441332462,Carey51@yahoo.com
cust0695,Carly Smith,5087 146th Blvd.,1743224292,Carly43@gmail.com
cust0696,Carly Smith,664 167th Cir.,8536044945,Carly44@aol.com
cust0697,Lisa Johnson,767 72nd Rd.,7080613663,Lisa50@gmail.com
cust0698,John Washington,3217 80th Ln.,3192162002,John52@gmail.com
cust0699,John Anderson,1928 138th Dr.,9982845571,John53@aol.com
cust0700,George Davis,9242 98th Way,9795036266,George50@gmail.com
cust0701,Megan Johnson,5513 98th Rd.,1549713021,Megan53@gmail.com
cust0702,Carly Miller,5074 89th Pl.,9626262418,Carly45@aol.com
cust0703,Cary Anderson,1210 16th Dr.,5598773032,Cary46@msn.com
cust0704,Chris Anderson,4146 32nd Pky.,6619452170,Chris42@aol.com
cust0705,Josh Johnson,4851 63rd Pl.,2750216680,Josh46@msn.com
cust0706,Pat Smith,5718 145th Rd.,9222077332,Pat40@gmail.com
cust0707,Scott Williams,3988 188th Ave.,6121796058,Scott44@gmail.com
cust0708,Carly Johnson,3420 188th Rd.,5621919784,Carly46@aol.com
cust0709,George Lincoln,980 33rd Ln.,6061757323,George51@gmail.com
cust0710,Sue Madison,5312 93rd Blvd.,3363645553,Sue49@msn.com
cust0711,Pat Davis,8447 155th Rd.,1254539090,Pat41@msn.com
cust0712,Chris Anderson,6975 166th Way,2151287938,Chris43@gmail.com
cust0713,Scott Davis,5012 161st St.,6767056173,Scott45@gmail.com
cust0714,Scott Lincoln,8685 102nd St.,6717595980,Scott46@aol.com
cust0715,Megan Davis,8005 53rd Dr.,7587242934,Megan54@yahoo.com
cust0716,Scott Johnson,5723 48th Cir.,2587985285,Scott47@msn.com
cust0717,Chris Miller,7545 177th Ave.,5110240783,Chris44@gmail.com
cust0718,Lisa Madison,9129 138th Ln.,4817594610,Lisa51@msn.com
cust0719,John Davis,5849 95th Pky.,6617348841,John54@msn.com
cust0720,Sue Davis,3370 191st Rd.,2406514533,Sue50@aol.com
cust0721,Josh Smith,13 108th Ln.,4921707178,Josh47@msn.com
cust0722,George Davis,6503 66th Rd.,2186721999,George52@msn.com
cust0723,Scott Williams,7044 27th Ave.,4826931689,Scott48@yahoo.com
cust0724,Pat Lincoln,2158 122nd Blvd.,5121679507,Pat42@msn.com
cust0725,George Johnson,7677 100th Pl.,2639896277,George53@gmail.com
cust0726,Sue Anderson,6545 116th Pky.,4975320507,Sue51@msn.com
cust0727,John Washington,5075 82nd Rd.,5661266834,John55@msn.com
cust0728,Chris Johnson,3076 55th Way,8454531608,Chris45@gmail.com
cust0729,Scott Anderson,865 191st St.,3818605413,Scott49@msn.com
cust0730,Chris Garfield,7092 156th Blvd.,5573178550,Chris46@msn.com
cust0731,Jordan Davis,9657 151st Ave.,2705572423,Jordan40@yahoo.com
cust0732,John Johnson,303 131st Rd.,5777225635,John56@yahoo.com
cust0733,George Madison,3602 26th Ln.,4201531602,George54@msn.com
cust0734,Megan Garfield,9033 173rd Pl.,7462465943,Megan55@yahoo.com
cust0735,Josh Anderson,4312 81st Pl.,2477263880,Josh48@yahoo.com
cust0736,George Brown,7858 65th Ln.,4489440320,George55@gmail.com
cust0737,Carey Garfield,10 107th Pl.,9026669622,Carey52@yahoo.com
cust0738,Chris Johnson,8968 15th Blvd.,2702422899,Chris47@msn.com
cust0739,Chris Miller,3582 161st Blvd.,6152619478,Chris48@yahoo.com
cust0740,Sue Davis,9263 121st Pky.,8241720723,Sue52@aol.com
cust0741,Chris Madison,6757 179th Ln.,7727510011,Chris49@aol.com
cust0742,Scott Lincoln,449 29th Blvd.,3792067527,Scott50@gmail.com
cust0743,Mark Anderson,7358 84th Ave.,7787313079,Mark51@yahoo.com
cust0744,Chris Brown,5274 12th Way,2714690657,Chris50@gmail.com
cust0745,Lisa Smith,4770 167th Pl.,8465485752,Lisa52@aol.com
cust0746,Jordan Smith,9658 171st Pl.,4976577568,Jordan41@gmail.com
cust0747,Sue Madison,7742 76th Cir.,9204600770,Sue53@yahoo.com
cust0748,Cary Lincoln,6359 140th Ave.,5744589220,Cary47@msn.com
cust0749,Tom Brown,6919 102nd St.,4096725077,Tom51@aol.com
cust0750,Mark Smith,929 53rd Rd.,6419342452,Mark52@gmail.com
cust0751,Josh Lincoln,2415 79th St.,4969724203,Josh49@aol.com
cust0752,Carly Smith,3729 140th Way,3725147556,Carly47@aol.com
cust0753,George Williams,2487 188th Cir.,4117947529,George56@aol.com
cust0754,Chris Washington,2000 113rd Way,3607721751,Chris51@yahoo.com
cust0755,Megan Washington,557 84th Ave.,9640942505,Megan56@yahoo.com
cust0756,Lisa Anderson,2347 89th Pl.,3586361442,Lisa53@yahoo.com
cust0757,Lisa Miller,8130 147th Cir.,8480324987,Lisa54@gmail.com
cust0758,Josh Lincoln,5923 96th Rd.,2854419108,Josh50@msn.com
cust0759,Carly Madison,4003 164th Cir.,3388317675,Carly48@gmail.com
cust0760,John Davis,320 22nd Ave.,7426913317,John57@gmail.com
cust0761,Carly Lincoln,2623 43rd Dr.,6994167274,Carly49@aol.com
cust0762,John Garfield,7684 176th Pky.,4911467540,John58@gmail.com
cust0763,Carly Smith,3962 198th Ln.,5257099938,Carly50@msn.com
cust0764,Chris Garfield,6648 106th Dr.,6154044423,Chris52@yahoo.com
cust0765,Chris Williams,6526 118th Way,3192337512,Chris53@aol.com
cust0766,Sue Lincoln,4792 41st Dr.,9539690234,Sue54@aol.com
cust0767,Josh Johnson,4013 177th Pl.,9100763138,Josh51@gmail.com
cust0768,Tom Brown,3932 41st Pl.,8349049126,Tom52@msn.com
cust0769,Josh Garfield,9715 191st Blvd.,8627721946,Josh52@aol.com
cust0770,Tom Brown,8864 72nd Ave.,9185578944,Tom53@yahoo.com
cust0771,Scott Lincoln,9258 158th Blvd.,2030159989,Scott51@msn.com
cust0772,Carey Anderson,4910 128th Way,8548428262,Carey53@gmail.com
cust0773,Carly Anderson,1471 18th St.,4158733736,Carly51@msn.com
cust0774,Megan Washington,4657 103rd Pl.,1528130029,Megan57@msn.com
cust0775,Josh Miller,4026 144th Ln.,6563848950,Josh53@aol.com
cust0776,George Williams,4055 32nd Pky.,2526339696,George57@msn.com
cust0777,Tom Davis,6228 32nd Pl.,5010752783,Tom54@yahoo.com
cust0778,Sue Anderson,5521 161st Blvd.,5245220343,Sue55@aol.com
cust0779,John Garfield,1940 23rd Rd.,9831989556,John59@yahoo.com
cust0780,Sue Brown,6481 131st Blvd.,6932212405,Sue56@msn.com
cust0781,Sue Garfield,3696 78th Pl.,7817014408,Sue57@gmail.com
cust0782,Pat Miller,4943 35th Cir.,4173993809,Pat43@msn.com
cust0783,Tom Johnson,2127 196th Blvd.,9055938854,Tom55@aol.com
cust0784,Josh Johnson,6234 121st Pl.,1555678768,Josh54@yahoo.com
cust0785,Carly Garfield,2550 110th Cir.,1050318662,Carly52@yahoo.com
cust0786,Megan Lincoln,7147 127th Ave.,4524545135,Megan58@aol.com
cust0787,Megan Johnson,8144 113rd Cir.,8120175986,Megan59@aol.com
cust0788,George Davis,1291 177th Ln.,6726450182,George58@msn.com
cust0789,Tom Davis,4152 18th Blvd.,5487506208,Tom56@gmail.com
cust0790,Mark Madison,1423 69th Way,2234096463,Mark53@aol.com
cust0791,Jordan Washington,7442 32nd Blvd.,7375588779,Jordan42@yahoo.com
cust0792,Jordan Smith,6696 158th Pky.,8468943463,Jordan43@yahoo.com
cust0793,George Anderson,7504 179th Ln.,6031885910,George59@msn.com
cust0794,Pat Brown,5494 146th Cir.,4981805488,Pat44@msn.com
cust0795,Carey Smith,762 34th Pky.,3739143516,Carey54@msn.com
cust0796,Scott Brown,2335 9th Pl.,9442808714,Scott52@aol.com
cust0797,George Garfield,1027 68th St.,7588309064,George60@aol.com
cust0798,Megan Smith,7478 187th Way,3162563809,Megan60@yahoo.com
cust0799,Carey Madison,8145 121st Pky.,4143640172,Carey55@yahoo.com
cust0800,George Williams,5592 61st Ln.,1668586578,George61@gmail.com
cust0801,Josh Miller,3207 62nd Pl.,9612583583,Josh55@yahoo.com
cust0802,Mark Miller,6523 21st St.,1150458119,Mark54@aol.com
cust0803,Mark Williams,7784 15th Cir.,9617448022,Mark55@gmail.com
cust0804,Scott Williams,6319 103rd Cir.,2644361332,Scott53@aol.com
cust0805,Josh Williams,6432 33rd Cir.,5114408916,Josh56@aol.com
cust0806,Sue Williams,9081 181st St.,6365067862,Sue58@aol.com
cust0807,Sue Anderson,1038 135th Ln.,1790939349,Sue59@gmail.com
cust0808,Mark Lincoln,2226 32nd Ave.,9476730552,Mark56@msn.com
cust0809,Josh Garfield,5790 129th Cir.,2479902826,Josh57@msn.com
cust0810,Sue Davis,8545 90th Ave.,3124193887,Sue60@yahoo.com
cust0811,John Lincoln,3075 37th St.,3896251896,John60@msn.com
cust0812,Scott Washington,2545 82nd Ln.,3945177134,Scott54@msn.com
cust0813,Chris Lincoln,8355 102nd Pky.,6027791667,Chris54@aol.com
cust0814,George Williams,6065 116th Blvd.,7265185262,George62@msn.com
cust0815,Megan Brown,8126 20th Pky.,7062409547,Megan61@gmail.com
cust0816,Lisa Anderson,1027 166th Way,1808420124,Lisa55@aol.com
cust0817,Carly Miller,4311 142nd Cir.,8839665616,Carly53@yahoo.com
cust0818,Jordan Smith,1278 140th Ln.,8917716798,Jordan44@gmail.com
cust0819,Carly Washington,3245 195th Rd.,3944242552,Carly54@yahoo.com
cust0820,Carly Garfield,6861 44th Rd.,4331300195,Carly55@msn.com
cust0821,George Lincoln,6323 178th Blvd.,6160750863,George63@aol.com
cust0822,Chris Lincoln,3119 10th Rd.,3234892201,Chris55@aol.com
cust0823,George Miller,5923 150th Way,8731845050,George64@aol.com
cust0824,George Miller,6117 23rd Pky.,4257109184,George65@aol.com
cust0825,Chris Davis,3519 94th Rd.,6237644338,Chris56@aol.com
cust0826,Lisa Davis,2387 182nd Ln.,3250753851,Lisa56@msn.com
cust0827,Tom Brown,9368 81st Pl.,6939992629,Tom57@msn.com
cust0828,Cary Smith,1731 7th Pl.,3481474542,Cary48@msn.com
cust0829,Tom Miller,3547 121st Way,5824898886,Tom58@msn.com
cust0830,Chris Miller,7421 173rd Dr.,9383411438,Chris57@yahoo.com
cust0831,Lisa Madison,2019 167th Rd.,5506744568,Lisa57@gmail.com
cust0832,Mark Garfield,9658 193rd St.,3890085682,Mark57@msn.com
cust0833,Carey Johnson,8602 123rd Rd.,7700304588,Carey56@msn.com
cust0834,John Smith,702 50th Ln.,5002531167,John61@msn.com
cust0835,Jordan Miller,7230 2nd Ave.,4654832116,Jordan45@aol.com
cust0836,Scott Brown,2008 70th Pl.,8195223664,Scott55@gmail.com
cust0837,Lisa Miller,8103 197th Way,7319181038,Lisa58@yahoo.com
cust0838,Pat Davis,9581 179th Ave.,7200018216,Pat45@aol.com
cust0839,Carly Lincoln,8792 21st Pky.,2247934579,Carly56@yahoo.com
cust0840,Pat Brown,232 100th Pl.,6903621327,Pat46@gmail.com
cust0841,Scott Smith,7826 185th Blvd.,4214809369,Scott56@aol.com
cust0842,Lisa Miller,659 18th Pky.,8858045721,Lisa59@gmail.com
cust0843,Pat Johnson,8534 147th Dr.,6931219329,Pat47@gmail.com
cust0844,Mark Garfield,26 128th Pky.,3096422697,Mark58@gmail.com
cust0845,John Johnson,8287 200th Ln.,1119371438,John62@msn.com
cust0846,Carey Brown,5893 121st Blvd.,2291312009,Carey57@yahoo.com
cust0847,Sue Anderson,8439 74th Pl.,1044740125,Sue61@msn.com
cust0848,Scott Brown,3890 7th Pl.,6896173365,Scott57@yahoo.com
cust0849,Scott Lincoln,6566 188th Ave.,6878590444,Scott58@yahoo.com
cust0850,Megan Madison,3620 137th Rd.,6999044090,Megan62@gmail.com
cust0851,Jordan Lincoln,1377 160th Ln.,3253181663,Jordan46@yahoo.com
cust0852,Carly Davis,4883 176th Dr.,6323013335,Carly57@yahoo.com
cust0853,Cary Williams,1459 78th Pl.,3859105442,Cary49@msn.com
cust0854,Carey Garfield,4966 40th Rd.,4852838504,Carey58@yahoo.com
cust0855,Jordan Davis,2371 192nd Cir.,2015295921,Jordan47@msn.com
cust0856,Carly Lincoln,2918 142nd Pl.,2173185404,Carly58@gmail.com
cust0857,Carly Madison,2259 26th Ln.,7754531481,Carly59@gmail.com
cust0858,Chris Lincoln,630 76th Blvd.,2182826860,Chris58@msn.com
cust0859,Pat Lincoln,7719 59th Pl.,8205425884,Pat48@gmail.com
cust0860,Chris Anderson,4426 88th Dr.,1218767085,Chris59@yahoo.com
cust0861,Pat Brown,6669 13th Ln.,8533294785,Pat49@aol.com
cust0862,Megan Williams,3085 31st St.,6897101870,Megan63@gmail.com
cust0863,Cary Williams,3401 20th Cir.,3150240359,Cary50@msn.com
cust0864,Cary Anderson,8366 76th St.,9183871349,Cary51@gmail.com
cust0865,Tom Davis,3964 100th Blvd.,7411973560,Tom59@msn.com
cust0866,Chris Davis,3747 162nd St.,8363000528,Chris60@aol.com
cust0867,Mark Williams,1504 127th St.,9203280656,Mark59@aol.com
cust0868,Jordan Johnson,1739 170th Way,2798267473,Jordan48@msn.com
cust0869,John Madison,8462 91st Blvd.,7589714194,John63@gmail.com
cust0870,Carly Garfield,3848 28th Dr.,8605986598,Carly60@aol.com
cust0871,Jordan Madison,373 100th Dr.,3752022170,Jordan49@gmail.com
cust0872,Mark Williams,324 149th St.,3474337802,Mark60@yahoo.com
cust0873,Sue Johnson,6188 6th Pl.,7569778104,Sue62@aol.com
cust0874,Chris Williams,7963 29th Blvd.,8030723741,Chris61@yahoo.com
cust0875,George Brown,2789 142nd Way,9871745239,George66@gmail.com
cust0876,Carly Williams,4310 163rd Pl.,2118688595,Carly61@yahoo.com
cust0877,Scott Madison,7775 22nd Way,1332216761,Scott59@msn.com
cust0878,Jordan Johnson,1056 200th Cir.,9700003764,Jordan50@aol.com
cust0879,Carey Lincoln,5482 55th Pky.,2593580830,Carey59@aol.com
cust0880,Scott Garfield,4908 83rd St.,5893672925,Scott60@yahoo.com
cust0881,Scott Miller,1782 170th Cir.,7489441963,Scott61@gmail.com
cust0882,Carey Johnson,7177 164th Ln.,1199250849,Carey60@aol.com
cust0883,Sue Washington,8702 39th Ave.,5107114945,Sue63@gmail.com
cust0884,John Washington,308 48th Pl.,1718192552,John64@yahoo.com
cust0885,Jordan Johnson,3318 159th Pl.,6958070175,Jordan51@gmail.com
cust0886,Pat Lincoln,9321 147th Dr.,4236872890,Pat50@gmail.com
cust0887,John Smith,4763 91st Pl.,8928415344,John65@yahoo.com
cust0888,George Miller,2808 36th Way,1373494731,George67@aol.com
cust0889,Mark Davis,5817 135th Rd.,4452438404,Mark61@msn.com
cust0890,Carey Washington,9530 41st Blvd.,8611610524,Carey61@msn.com
cust0891,Pat Miller,6409 137th Dr.,2306908951,Pat51@aol.com
cust0892,Josh Washington,7123 78th Ln.,1610642830,Josh58@gmail.com
cust0893,Pat Garfield,2510 2nd Ave.,1968236753,Pat52@aol.com
cust0894,Chris Johnson,5175 5th Blvd.,6958511330,Chris62@yahoo.com
cust0895,Mark Johnson,3621 5th Rd.,3405061946,Mark62@msn.com
cust0896,Chris Garfield,5190 24th Cir.,6537567191,Chris63@aol.com
cust0897,John Johnson,9989 159th Cir.,9818983434,John66@gmail.com
cust0898,Pat Smith,6380 121st Cir.,3614896177,Pat53@yahoo.com
cust0899,George Madison,6122 191st Cir.,8221649105,George68@gmail.com
cust0900,Mark Anderson,1128 59th Ln.,6564464343,Mark63@aol.com
cust0901,Lisa Davis,5393 85th St.,5827455183,Lisa60@yahoo.com
cust0902,Mark Johnson,4015 14th Pl.,4273281792,Mark64@yahoo.com
cust0903,Tom Miller,5205 53rd Cir.,7289017953,Tom60@msn.com
cust0904,George Brown,2767 10th Cir.,8906917579,George69@msn.com
cust0905,Pat Madison,2659 3rd Ln.,3847128164,Pat54@yahoo.com
cust0906,Chris Johnson,5240 193rd Rd.,5301513768,Chris64@gmail.com
cust0907,Sue Smith,2752 122nd Rd.,9624443233,Sue64@msn.com
cust0908,Pat Washington,5623 143rd Blvd.,4412217958,Pat55@yahoo.com
cust0909,Sue Williams,3422 191st Pky.,3196550270,Sue65@gmail.com
cust0910,Pat Miller,1745 127th Dr.,8980597870,Pat56@msn.com
cust0911,Scott Williams,5107 42nd Pky.,2803439507,Scott62@msn.com
cust0912,Megan Garfield,6828 133rd Pl.,1043263375,Megan64@yahoo.com
cust0913,Carly Davis,9604 54th St.,1507124597,Carly62@msn.com
cust0914,Carly Garfield,6422 121st Ln.,9029002833,Carly63@yahoo.com
cust0915,Pat Washington,8771 186th St.,4409611999,Pat57@aol.com
cust0916,Lisa Davis,7788 132nd Rd.,4889038897,Lisa61@yahoo.com
cust0917,John Davis,4623 158th Cir.,1958869321,John67@msn.com
cust0918,Tom Davis,960 168th Ave.,6955151484,Tom61@aol.com
cust0919,Chris Williams,7265 39th Pl.,1992324422,Chris65@msn.com
cust0920,Lisa Madison,3592 155th St.,6470293157,Lisa62@gmail.com
cust0921,Tom Anderson,4087 85th St.,8160560727,Tom62@msn.com
cust0922,Lisa Williams,8808 80th Blvd.,8188142278,Lisa63@msn.com
cust0923,Mark Williams,23 5th Ln.,8063688971,Mark65@gmail.com
cust0924,Carey Johnson,4460 79th Dr.,4500316251,Carey62@yahoo.com
cust0925,Chris Miller,80 88th Rd.,9040691588,Chris66@aol.com
cust0926,Carey Washington,3930 16th Cir.,3980967416,Carey63@gmail.com
cust0927,Sue Johnson,9663 36th Cir.,5016488825,Sue66@msn.com
cust0928,Mark Lincoln,8662 168th Blvd.,2082730319,Mark66@msn.com
cust0929,Chris Johnson,4622 98th Dr.,8074490377,Chris67@gmail.com
cust0930,Mark Miller,7321 115th Blvd.,4255009876,Mark67@aol.com
cust0931,Jordan Davis,2355 180th Ln.,1812399322,Jordan52@gmail.com
cust0932,Carey Madison,9866 5th Blvd.,6993362278,Carey64@yahoo.com
cust0933,George Anderson,7993 39th Ave.,6591057229,George70@msn.com
cust0934,Josh Garfield,4881 170th Blvd.,5935748995,Josh59@gmail.com
cust0935,Jordan Lincoln,3938 17th St.,8554944466,Jordan53@gmail.com
cust0936,George Smith,7319 17th Ln.,3491722734,George71@yahoo.com
cust0937,John Garfield,993 65th Ave.,5803666066,John68@msn.com
cust0938,Carey Madison,3543 3rd Cir.,7021212773,Carey65@gmail.com
cust0939,Megan Anderson,4387 194th Ave.,1781277815,Megan65@yahoo.com
cust0940,Tom Johnson,315 132nd Dr.,3136070474,Tom63@msn.com
cust0941,Carly Davis,9826 92nd Blvd.,4689722127,Carly64@gmail.com
cust0942,Carey Lincoln,6024 69th Ln.,2325418815,Carey66@msn.com
cust0943,George Anderson,8260 27th Pl.,2821791433,George72@msn.com
cust0944,Tom Anderson,5496 96th Ln.,8324797636,Tom64@yahoo.com
cust0945,Carey Miller,1444 103rd Ave.,7829136399,Carey67@gmail.com
cust0946,George Miller,4907 33rd Ave.,9485729730,George73@yahoo.com
cust0947,George Garfield,9605 127th Ave.,8089658025,George74@yahoo.com
cust0948,George Johnson,1850 72nd Blvd.,9729156810,George75@yahoo.com
cust0949,Josh Washington,2667 28th Pky.,8504302167,Josh60@msn.com
cust0950,Tom Washington,1280 175th Rd.,4415869247,Tom65@yahoo.com
cust0951,Josh Davis,912 89th Way,1436834432,Josh61@gmail.com
cust0952,Carey Johnson,6331 37th Ln.,4895227536,Carey68@yahoo.com
cust0953,Chris Anderson,3691 137th Rd.,5213606717,Chris68@msn.com
cust0954,Carly Lincoln,5416 72nd Pl.,8847965252,Carly65@yahoo.com
cust0955,Mark Brown,2515 50th Cir.,9340414111,Mark68@msn.com
cust0956,Lisa Garfield,7373 18th Pl.,6719466962,Lisa64@gmail.com
cust0957,Carly Miller,443 158th Ln.,4298225444,Carly66@yahoo.com
cust0958,Chris Williams,9225 66th Ln.,4752730784,Chris69@yahoo.com
cust0959,John Johnson,3407 78th Rd.,5295637707,John69@yahoo.com
cust0960,John Brown,9647 167th Ave.,1107457795,John70@yahoo.com
cust0961,Megan Brown,6489 189th Dr.,1425177374,Megan66@msn.com
cust0962,Cary Smith,3382 180th Blvd.,2968682614,Cary52@gmail.com
cust0963,Mark Johnson,4899 183rd Ave.,5364796244,Mark69@gmail.com
cust0964,George Miller,170 27th St.,3349920752,George76@aol.com
cust0965,Megan Lincoln,2905 94th Pky.,6806300749,Megan67@gmail.com
cust0966,John Washington,945 176th Ave.,7763968623,John71@yahoo.com
cust0967,Josh Lincoln,1774 42nd Ln.,2840797116,Josh62@aol.com
cust0968,Scott Smith,8801 177th Pky.,4170937877,Scott63@yahoo.com
cust0969,Carly Anderson,6334 130th St.,8219421058,Carly67@gmail.com
cust0970,Carly Smith,3745 67th Rd.,9545128862,Carly68@msn.com
cust0971,Tom Lincoln,5184 174th Cir.,2243426483,Tom66@aol.com
cust0972,Carly Miller,3096 7th Blvd.,2970095052,Carly69@aol.com
cust0973,Carey Madison,9989 113rd Blvd.,5996802713,Carey69@yahoo.com
cust0974,Carey Anderson,7399 68th Blvd.,9823205103,Carey70@msn.com
cust0975,Tom Lincoln,1050 157th St.,3798437619,Tom67@yahoo.com
cust0976,Megan Brown,6145 149th Rd.,2998298065,Megan68@aol.com
cust0977,Scott Brown,9832 89th Way,7289928477,Scott64@yahoo.com
cust0978,John Lincoln,8392 197th Rd.,5574340493,John72@gmail.com
cust0979,Lisa Madison,9662 189th Rd.,1204575451,Lisa65@msn.com
cust0980,Mark Brown,8230 33rd Pl.,2124509178,Mark70@aol.com
cust0981,Megan Williams,7117 91st Ln.,3879788605,Megan69@msn.com
cust0982,John Madison,8884 85th Rd.,4409128952,John73@yahoo.com
cust0983,Carly Brown,5116 34th Ln.,5094817400,Carly70@gmail.com
cust0984,Pat Washington,3066 166th Rd.,5314083731,Pat58@msn.com
cust0985,George Madison,9251 76th Rd.,5251962987,George77@msn.com
cust0986,Chris Garfield,4189 77th Ln.,2366930590,Chris70@gmail.com
cust0987,Carey Lincoln,1494 87th Blvd.,3223220912,Carey71@gmail.com
cust0988,Scott Garfield,8399 161st Pky.,4822973930,Scott65@yahoo.com
cust0989,Megan Madison,1886 34th Blvd.,8028320469,Megan70@yahoo.com
cust0990,Jordan Smith,5908 103rd Pl.,6854736860,Jordan54@gmail.com
cust0991,Chris Madison,8455 148th Pky.,6116803632,Chris71@yahoo.com
cust0992,Mark Smith,8166 147th St.,7630095192,Mark71@gmail.com
cust0993,Tom Anderson,2943 165th Pl.,8064087058,Tom68@msn.com
cust0994,Chris Brown,4505 162nd Blvd.,5997423704,Chris72@gmail.com
cust0995,George Madison,1521 192nd St.,9490782594,George78@yahoo.com
cust0996,Pat Lincoln,8909 189th Blvd.,5228350044,Pat59@gmail.com
cust0997,Lisa Washington,2972 153rd Dr.,1751107921,Lisa66@msn.com
cust0998,Mark Madison,6991 154th Cir.,6706227513,Mark72@gmail.com
cust0999,Carey Smith,4829 182nd Ave.,5175567994,Carey72@gmail.com
cust1000,Jordan Davis,2174 43rd Way,9199737657,Jordan55@gmail.com
