customer_id,first_name,last_name,address,phone,email
user0000,Harper,White,"4778 888th St., Jackson, Mississippi 78684",4856028897,Harper_White@usa.com
user0001,David,Lee,"6927 310th St., Topeka, Kansas 72792",6262707127,David_Lee@gmail.com
user0002,Olivia,Gonzalez,"4804 199th St., Frankfort, Kentucky 19112",8217693868,Olivia_Gonzalez@hotmail.com
user0003,Avery,Phillips,"1145 185th Ave., Hartford, Connecticut 88623",1812194085,Avery_Phillips@usa.com
user0004,George,Johnson,"5940 24th St., Indianapolis, Indiana 67981",4863599670,George_Johnson@yahoo.com
user0005,Madison,Allen,"5098 690th Ave., Madison, Wisconsin 99925",5494820850,Madison_Allen@usa.com
user0006,Elisabeth,Edwards,"16 693rd Ave., Salem, Oregon 65762",9723540843,Elisabeth_Edwards@yahoo.com
user0007,Steven,Carter,"4003 737th Ave., Providence, Rhode Island 31799",7448889773,Steven_Carter@yahoo.com
user0008,Donald,Garcia,"4025 766th Ave., Harrisburg, Pennsylvania 36189",2259619667,Donald_Garcia@usa.com
user0009,Harper,Adams,"5079 761st St., Carson City, Nevada 67297",4683671877,Harper_Adams@hotmail.com
user0010,Charlotte,Edwards,"219 339th Ave., Salt Lake City, Utah 62285",5929076838,Charlotte_Edwards@gmail.com
user0011,Victoria,Scott,"9476 5th St., Raleigh, North Carolina 89837",2209917427,Victoria_Scott@hotmail.com
user0012,John,Clark,"3653 82nd Ave., Madison, Wisconsin 88194",4206573129,John_Clark@gmail.com
user0013,Joseph,Robinson,"7737 979th St., Trenton, New Jersey 40174",3730047809,Joseph_Robinson@gmail.com
user0014,Edward,Lee,"8064 731st Ave., Harrisburg, Pennsylvania 57165",1630789291,Edward_Lee@yahoo.com
user0015,George,Baker,"5800 779th St., Little Rock, Arkansas 65016",2348105047,George_Baker@yahoo.com
user0016,George,Thompson,"4796 787th St., Des Moines, Iowa 48821",4420077840,George_Thompson@hotmail.com
user0017,Amelia,Baker,"2679 543rd Ave., Indianapolis, Indiana 31681",2011868084,Amelia_Baker@usa.com
user0018,Ella,Johnson,"9608 839th St., Little Rock, Arkansas 69096",3874021102,Ella_Johnson@yahoo.com
user0019,Edward,Adams,"7056 322nd Ave., Atlanta, Georgia 52899",8339822501,Edward_Adams@usa.com
user0020,Ella,Turner,"5713 671st St., Honolulu, Hawaii 36571",8614691598,Ella_Turner@yahoo.com
user0021,Kenneth,Harris,"1343 932nd Ave., Des Moines, Iowa 73549",2876312095,Kenneth_Harris@usa.com
user0022,Daniel,Scott,"2969 781st St., Montpelier, Vermont 36741",2623595014,Daniel_Scott@usa.com
user0023,Madison,Jackson,"5774 786th St., Carson City, Nevada 95164",3700253764,Madison_Jackson@gmail.com
user0024,Mark,Rodriguez,"6905 219th St., Concord, New Hampshire 31557",2444884807,Mark_Rodriguez@hotmail.com
user0025,Ava,Turner,"6351 756th St., Annapolis, Maryland 95937",2372818734,Ava_Turner@hotmail.com
user0026,John,Garcia,"4123 584th St., Olympia, Washington 55054",6327790416,John_Garcia@usa.com
user0027,Christopher,Parker,"453 145th Ave., Denver, Colorado 16412",1140216051,Christopher_Parker@hotmail.com
user0028,Robert,Allen,"3205 998th St., Columbus, Ohio 23106",8122398851,Robert_Allen@gmail.com
user0029,Madison,Campbell,"9197 154th St., Albany, New York 85092",5657178325,Madison_Campbell@yahoo.com
user0030,Evelyn,Johnson,"305 922nd St., Cheyenne, Wyoming 43685",5025508698,Evelyn_Johnson@gmail.com
user0031,Evelyn,Taylor,"4204 265th Ave., Baton Rouge, Louisiana 93495",9971208627,Evelyn_Taylor@yahoo.com
user0032,Kevin,Evans,"3970 364th Ave., Columbus, Ohio 64789",1157119731,Kevin_Evans@hotmail.com
user0033,Anthony,Martin,"4523 136th Ave., Lansing, Michigan 65874",1892468905,Anthony_Martin@gmail.com
user0034,Avery,Wright,"8866 1st St., Richmond, Virginia 75353",8727689722,Avery_Wright@yahoo.com
user0035,Elisabeth,Anderson,"5108 526th Ave., Boise, Idaho 67058",8916835045,Elisabeth_Anderson@hotmail.com
user0036,Joseph,Clark,"9823 839th St., Montpelier, Vermont 60453",3071160442,Joseph_Clark@hotmail.com
user0037,Anthony,Jones,"4655 612nd St., Raleigh, North Carolina 13762",6638020301,Anthony_Jones@hotmail.com
user0038,William,Allen,"2429 131st St., Montpelier, Vermont 28774",4555623511,William_Allen@gmail.com
user0039,Amelia,Lopez,"3419 313rd St., Des Moines, Iowa 60875",4682860394,Amelia_Lopez@usa.com
user0040,Victoria,Young,"9799 225th St., Hartford, Connecticut 52451",6695774991,Victoria_Young@gmail.com
user0041,Olivia,Turner,"1791 999th Ave., Richmond, Virginia 20169",3431875289,Olivia_Turner@gmail.com
user0042,Abigail,Green,"702 640th Ave., Springfield, Illinois 10638",1956428540,Abigail_Green@usa.com
user0043,Abigail,Martinez,"7203 485th St., Jackson, Mississippi 73630",5317345143,Abigail_Martinez@hotmail.com
user0044,Charlotte,Moore,"9248 820th Ave., Santa Fe, New Mexico 14632",9256100888,Charlotte_Moore@yahoo.com
user0045,Amelia,Walker,"6260 993rd Ave., Annapolis, Maryland 89053",4048053445,Amelia_Walker@usa.com
user0046,Mila,Hall,"8686 569th St., Santa Fe, New Mexico 38949",2769887838,Mila_Hall@yahoo.com
user0047,Thomas,Parker,"9148 226th Ave., Honolulu, Hawaii 64828",5776140303,Thomas_Parker@yahoo.com
user0048,Avery,Moore,"9257 725th St., Santa Fe, New Mexico 50982",1013496316,Avery_Moore@usa.com
user0049,Paul,Wilson,"6085 179th St., Austin, Texas 37446",2541135935,Paul_Wilson@usa.com
