_id,name,address,phone_number,email
cust0001,Lisa Washington,113 109th Ave.,5809004682,Lisa1@yahoo.com
cust0002,Mark Johnson,3752 77th Dr.,6794792047,Mark1@yahoo.com
cust0003,George Anderson,2606 187th Dr.,5363753222,George1@gmail.com
cust0004,George Smith,2948 168th Cir.,6611896458,George2@msn.com
cust0005,George Garfield,7879 177th St.,4408793346,George3@yahoo.com
cust0006,Sue Garfield,5942 117th St.,8593592489,Sue1@msn.com
cust0007,Sue Smith,8069 195th Rd.,7205970411,Sue2@aol.com
cust0008,Tom Washington,6073 186th Cir.,3929869025,Tom1@gmail.com
cust0009,Carey Williams,4106 138th St.,9741894485,Carey1@msn.com
cust0010,Lisa Washington,8705 19th Rd.,9776100258,Lisa2@aol.com
cust0011,John Garfield,9363 110th St.,6029413410,John1@msn.com
cust0012,Pat Madison,7270 11th Pky.,1926184098,Pat1@msn.com
cust0013,John Garfield,7679 54th Pl.,7981020452,John2@aol.com
cust0014,Megan Anderson,8272 111st Dr.,3697267377,Megan1@gmail.com
cust0015,Megan Brown,6694 71st Pky.,4188948878,Megan2@msn.com
cust0016,Josh Williams,2353 180th Blvd.,3454737267,Josh1@msn.com
cust0017,Lisa Lincoln,6048 80th St.,5778377940,Lisa3@yahoo.com
cust0018,Carly Lincoln,6332 181st Ln.,4844504053,Carly1@msn.com
cust0019,Josh Johnson,6911 26th Pl.,8173453375,Josh2@gmail.com
cust0020,Cary Washington,6050 174th Rd.,8097249268,Cary1@aol.com
cust0021,Chris Madison,1718 199th St.,2774728085,Chris1@gmail.com
cust0022,George Miller,4674 7th St.,6639630678,George4@msn.com
cust0023,Josh Madison,1123 97th Cir.,1487092892,Josh3@gmail.com
cust0024,Josh Anderson,4522 180th Cir.,3280137082,Josh4@yahoo.com
cust0025,Megan Johnson,7355 114th Ave.,1932110875,Megan3@msn.com
cust0026,Josh Anderson,7523 116th Cir.,4183556520,Josh5@yahoo.com
cust0027,Scott Garfield,410 111st Rd.,7438016019,Scott1@yahoo.com
cust0028,Carey Williams,2060 156th Dr.,7710812635,Carey2@gmail.com
cust0029,Pat Lincoln,9558 81st Cir.,6502697906,Pat2@msn.com
cust0030,Sue Madison,2196 100th Pky.,3816167708,Sue3@gmail.com
cust0031,Lisa Johnson,590 200th Blvd.,2534163655,Lisa4@msn.com
cust0032,Megan Madison,6016 192nd Ln.,3916428144,Megan4@yahoo.com
cust0033,Tom Anderson,604 159th Pl.,2697732770,Tom2@aol.com
cust0034,Pat Madison,5776 171st Blvd.,6822932152,Pat3@gmail.com
cust0035,Sue Washington,4242 74th Pky.,4160215905,Sue4@aol.com
cust0036,Tom Lincoln,9719 142nd Blvd.,3611725902,Tom3@yahoo.com
cust0037,Carey Garfield,6164 149th Pl.,5103971253,Carey3@yahoo.com
cust0038,John Madison,4410 176th Ln.,7191849733,John3@aol.com
cust0039,Jordan Johnson,899 27th Dr.,5355010530,Jordan1@gmail.com
cust0040,Tom Brown,3361 179th Ave.,6722742214,Tom4@msn.com
cust0041,Sue Brown,9995 39th Cir.,8632017261,Sue5@gmail.com
cust0042,John Miller,6356 195th Blvd.,2079167983,John4@yahoo.com
cust0043,Sue Brown,456 54th Way,1381148453,Sue6@yahoo.com
cust0044,Carly Garfield,7876 179th Pky.,9482776455,Carly2@msn.com
cust0045,Cary Anderson,7022 51st Cir.,5301327900,Cary2@yahoo.com
cust0046,Jordan Madison,1268 8th Cir.,4112454834,Jordan2@aol.com
cust0047,Carey Johnson,4350 7th Pky.,4340500876,Carey4@gmail.com
cust0048,Megan Smith,5325 171st Dr.,5930932219,Megan5@msn.com
cust0049,George Garfield,9716 30th Pky.,5486821202,George5@aol.com
cust0050,George Garfield,8976 140th Ln.,7151230513,George6@aol.com
cust0051,Sue Washington,7037 164th Rd.,7287469864,Sue7@gmail.com
cust0052,John Davis,1837 144th Pky.,1043544362,John5@yahoo.com
cust0053,Chris Williams,6102 11th Pl.,1768966856,Chris2@msn.com
cust0054,Carey Washington,3523 70th Pl.,6382668311,Carey5@yahoo.com
cust0055,Megan Johnson,3803 1st Cir.,4152906318,Megan6@msn.com
cust0056,Chris Brown,9837 105th St.,3763521447,Chris3@msn.com
cust0057,Megan Madison,4279 94th St.,7271916502,Megan7@gmail.com
cust0058,Josh Anderson,9641 23rd Ave.,9529480118,Josh6@msn.com
cust0059,Carly Williams,6999 30th St.,4623715108,Carly3@gmail.com
cust0060,Mark Lincoln,8652 120th Pl.,3458108789,Mark2@msn.com
cust0061,Carey Brown,2951 185th Blvd.,2693236012,Carey6@yahoo.com
cust0062,Scott Davis,4832 36th Pky.,1842802678,Scott2@msn.com
cust0063,Chris Madison,6131 113rd Ave.,6001971953,Chris4@yahoo.com
cust0064,Carly Williams,104 30th Rd.,3677763545,Carly4@msn.com
cust0065,Cary Anderson,4005 173rd Rd.,2724345751,Cary3@aol.com
cust0066,Tom Johnson,9244 111st Ln.,5209672570,Tom5@msn.com
cust0067,Scott Johnson,9661 80th Cir.,5147503816,Scott3@gmail.com
cust0068,Lisa Anderson,2380 56th Pl.,3273781172,Lisa5@gmail.com
cust0069,Josh Lincoln,3986 39th Way,5732224133,Josh7@yahoo.com
cust0070,Mark Garfield,1218 180th Way,8575816888,Mark3@gmail.com
cust0071,Scott Garfield,3998 25th Way,1099528727,Scott4@msn.com
cust0072,George Madison,535 78th Blvd.,2154030479,George7@gmail.com
cust0073,Tom Anderson,5732 184th Cir.,7502983789,Tom6@yahoo.com
cust0074,Pat Garfield,7938 56th Blvd.,3311305749,Pat4@aol.com
cust0075,George Johnson,6099 31st Ave.,2451947291,George8@yahoo.com
cust0076,Carly Madison,9237 126th Ave.,6661976204,Carly5@aol.com
cust0077,Lisa Washington,5698 42nd Dr.,3537200354,Lisa6@yahoo.com
cust0078,Pat Anderson,6325 66th Rd.,4788422158,Pat5@aol.com
cust0079,Cary Johnson,6403 133rd Ave.,3601820842,Cary4@gmail.com
cust0080,Mark Williams,4371 153rd Way,4726139426,Mark4@gmail.com
cust0081,Carly Anderson,4657 78th Dr.,6640116491,Carly6@yahoo.com
cust0082,Pat Washington,3081 148th Blvd.,2673122652,Pat6@yahoo.com
cust0083,Carey Madison,4884 148th Ave.,9655313940,Carey7@aol.com
cust0084,Tom Johnson,2837 49th St.,3822425164,Tom7@msn.com
cust0085,Scott Anderson,150 35th Ln.,7257437298,Scott5@aol.com
cust0086,Scott Johnson,1634 105th Pl.,3638198389,Scott6@aol.com
cust0087,Josh Davis,3477 76th Rd.,6755291684,Josh8@msn.com
cust0088,Carly Madison,7368 3rd Rd.,6497637013,Carly7@gmail.com
cust0089,Cary Johnson,3773 28th Pky.,5101480914,Cary5@msn.com
cust0090,Sue Davis,9236 73rd Ln.,9086802441,Sue8@aol.com
cust0091,Chris Davis,4810 154th Pl.,9808547480,Chris5@msn.com
cust0092,Sue Washington,7163 56th St.,1314559704,Sue9@aol.com
cust0093,Jordan Johnson,6594 57th Cir.,2507056681,Jordan3@msn.com
cust0094,George Smith,5801 88th Cir.,3843951743,George9@aol.com
cust0095,Josh Davis,3492 186th Way,8077167166,Josh9@aol.com
cust0096,Chris Smith,5318 33rd Rd.,1986307262,Chris6@yahoo.com
cust0097,Scott Garfield,6948 79th St.,3257353491,Scott7@gmail.com
cust0098,John Anderson,3589 52nd Rd.,7417546060,John6@msn.com
cust0099,George Lincoln,8765 96th Blvd.,4820562083,George10@msn.com
cust0100,Chris Williams,7252 176th Dr.,8296502792,Chris7@msn.com
cust0101,Chris Williams,4226 99th Pl.,4501319583,Chris8@aol.com
cust0102,Josh Brown,519 81st Blvd.,4805826624,Josh10@yahoo.com
cust0103,Sue Lincoln,8527 76th Ave.,3500215828,Sue10@yahoo.com
cust0104,Pat Davis,3891 1st Pky.,3759099420,Pat7@gmail.com
cust0105,Pat Anderson,7207 53rd Rd.,3096481487,Pat8@yahoo.com
cust0106,Pat Johnson,6795 106th Ln.,1556546099,Pat9@msn.com
cust0107,Scott Madison,7414 169th Way,8149102079,Scott8@yahoo.com
cust0108,Scott Miller,6091 152nd Cir.,3180363363,Scott9@yahoo.com
cust0109,Josh Miller,504 162nd Pky.,2373386063,Josh11@msn.com
cust0110,Carey Brown,9700 175th Ave.,8761320371,Carey8@yahoo.com
cust0111,George Davis,2371 87th Rd.,4238585154,George11@gmail.com
cust0112,Lisa Brown,192 136th Dr.,7983475373,Lisa7@yahoo.com
cust0113,George Lincoln,726 15th Ln.,1770510036,George12@gmail.com
cust0114,George Smith,8998 54th Cir.,7739619544,George13@yahoo.com
cust0115,George Washington,8633 75th Rd.,7492315849,George14@aol.com
cust0116,Lisa Williams,9065 10th Rd.,8583617409,Lisa8@msn.com
cust0117,Tom Anderson,7590 170th Pky.,7110914178,Tom8@msn.com
cust0118,Mark Anderson,1463 174th Ln.,5650344374,Mark5@gmail.com
cust0119,Megan Anderson,1597 25th Ave.,5286662327,Megan8@msn.com
cust0120,John Washington,3341 101st Way,3673500409,John7@gmail.com
cust0121,John Anderson,4051 73rd Blvd.,3552654794,John8@yahoo.com
cust0122,John Miller,3627 72nd Pky.,2400617756,John9@msn.com
cust0123,Cary Smith,2606 87th Blvd.,3338400943,Cary6@aol.com
cust0124,Lisa Smith,4998 33rd Cir.,4316455994,Lisa9@msn.com
cust0125,Josh Washington,6872 197th Dr.,2147057547,Josh12@yahoo.com
cust0126,Pat Garfield,9513 199th Blvd.,4002863866,Pat10@aol.com
cust0127,Pat Miller,947 99th Rd.,4014284350,Pat11@gmail.com
cust0128,Megan Smith,3286 134th Ave.,9046604389,Megan9@msn.com
cust0129,Mark Garfield,8791 7th Pky.,1196242477,Mark6@gmail.com
cust0130,Chris Davis,5678 25th St.,5391129522,Chris9@aol.com
cust0131,Jordan Williams,2926 187th Rd.,4260485927,Jordan4@yahoo.com
cust0132,Josh Davis,3819 95th Ave.,3714123669,Josh13@msn.com
cust0133,Jordan Williams,6271 17th Pky.,3421064125,Jordan5@aol.com
cust0134,Lisa Williams,4061 42nd Pl.,9472074174,Lisa10@gmail.com
cust0135,Pat Miller,7473 41st Dr.,9797897976,Pat12@aol.com
cust0136,Josh Williams,2130 154th Rd.,6960010331,Josh14@aol.com
cust0137,Chris Williams,2712 51st Ln.,7509958896,Chris10@gmail.com
cust0138,Jordan Miller,1664 157th Ln.,4020809270,Jordan6@aol.com
cust0139,Josh Smith,9051 68th Rd.,9571098233,Josh15@msn.com
cust0140,Mark Johnson,3070 181st Rd.,6822440780,Mark7@gmail.com
cust0141,Sue Smith,2273 3rd Pky.,2934623003,Sue11@aol.com
cust0142,Sue Madison,5842 178th Rd.,5668301874,Sue12@msn.com
cust0143,Megan Brown,2457 36th Way,7469723155,Megan10@msn.com
cust0144,Tom Williams,9090 3rd Dr.,2103774066,Tom9@gmail.com
cust0145,Tom Garfield,4831 97th Cir.,7205700674,Tom10@msn.com
cust0146,Megan Garfield,9710 18th Pky.,7567359810,Megan11@msn.com
cust0147,Cary Garfield,5295 87th Rd.,4407063716,Cary7@msn.com
cust0148,Cary Davis,861 122nd Ave.,1054632140,Cary8@aol.com
cust0149,Chris Johnson,5372 41st Ln.,3906651546,Chris11@msn.com
cust0150,Josh Miller,8323 176th Blvd.,3447267335,Josh16@gmail.com
cust0151,Chris Davis,8302 22nd Rd.,6686823144,Chris12@aol.com
cust0152,George Madison,4779 47th Ln.,5092236555,George15@yahoo.com
cust0153,Lisa Williams,2056 76th Ln.,4057453637,Lisa11@aol.com
cust0154,Chris Garfield,5623 155th Ave.,1431894898,Chris13@msn.com
cust0155,Carey Anderson,4795 44th Blvd.,3939566121,Carey9@msn.com
cust0156,Sue Smith,2753 45th Rd.,9944835371,Sue13@gmail.com
cust0157,Josh Smith,2332 152nd Rd.,1596154323,Josh17@gmail.com
cust0158,Sue Miller,2798 53rd Pl.,5839534656,Sue14@yahoo.com
cust0159,John Miller,2054 118th Rd.,2081627287,John10@yahoo.com
cust0160,Jordan Smith,999 69th Dr.,2466393887,Jordan7@aol.com
cust0161,John Brown,5920 104th Ave.,3844428285,John11@yahoo.com
cust0162,Scott Williams,1056 175th Rd.,9200381880,Scott10@aol.com
cust0163,Jordan Madison,806 31st Pky.,5755222561,Jordan8@aol.com
cust0164,Jordan Madison,3939 59th St.,4556470565,Jordan9@aol.com
cust0165,John Madison,7775 57th Dr.,1062932317,John12@aol.com
cust0166,Sue Smith,7509 164th Dr.,1646349286,Sue15@aol.com
cust0167,George Davis,5638 50th Pl.,3524912616,George16@aol.com
cust0168,George Smith,9328 64th Dr.,3766608705,George17@aol.com
cust0169,Cary Washington,2517 101st Dr.,6019747957,Cary9@yahoo.com
cust0170,Josh Miller,272 109th St.,7345055495,Josh18@msn.com
cust0171,Jordan Washington,4343 186th Pl.,7831089519,Jordan10@aol.com
cust0172,Jordan Johnson,7401 21st Blvd.,5546577680,Jordan11@msn.com
cust0173,Tom Washington,9784 59th Rd.,4952888854,Tom11@aol.com
cust0174,John Johnson,2872 118th Pky.,1618561352,John13@gmail.com
cust0175,Megan Washington,6673 66th Rd.,1598505935,Megan12@yahoo.com
cust0176,Chris Madison,1454 129th Pky.,6651237779,Chris14@msn.com
cust0177,Carey Davis,9982 109th Way,9339654010,Carey10@msn.com
cust0178,Megan Anderson,5695 49th Ln.,2817096321,Megan13@yahoo.com
cust0179,Pat Madison,4054 150th Pl.,4208258499,Pat13@yahoo.com
cust0180,John Madison,111 184th Pl.,3299640364,John14@aol.com
cust0181,Jordan Madison,511 73rd Pl.,4263138764,Jordan12@aol.com
cust0182,George Williams,3444 76th Blvd.,4398349884,George18@gmail.com
cust0183,George Anderson,4211 54th Way,7762838083,George19@aol.com
cust0184,John Lincoln,2056 145th Cir.,4702914109,John15@gmail.com
cust0185,Tom Anderson,1571 44th Blvd.,5108835800,Tom12@msn.com
cust0186,Mark Brown,4213 106th Pky.,5945532006,Mark8@aol.com
cust0187,John Williams,8882 115th Pky.,2287221654,John16@aol.com
cust0188,Carly Madison,5813 182nd Rd.,9667237161,Carly8@aol.com
cust0189,Carly Garfield,3896 163rd Dr.,7914652959,Carly9@aol.com
cust0190,John Davis,7075 93rd Way,9673252970,John17@msn.com
cust0191,Carey Miller,112 27th Rd.,8907229011,Carey11@gmail.com
cust0192,Cary Washington,2713 82nd Way,1885703863,Cary10@msn.com
cust0193,Josh Miller,9483 21st Dr.,2153065095,Josh19@yahoo.com
cust0194,Megan Williams,7507 19th Pky.,4625001762,Megan14@msn.com
cust0195,Lisa Davis,7076 87th Way,2952957890,Lisa12@msn.com
cust0196,Mark Lincoln,5020 126th Pl.,3688557277,Mark9@msn.com
cust0197,Scott Johnson,1412 100th Way,3715969992,Scott11@aol.com
cust0198,Sue Garfield,8267 15th Ave.,6692304582,Sue16@gmail.com
cust0199,Carey Miller,9252 172nd Rd.,1862491968,Carey12@aol.com
cust0200,Mark Williams,2176 118th St.,3416404697,Mark10@gmail.com
cust0201,Carly Johnson,4823 70th Dr.,5763629509,Carly10@aol.com
cust0202,John Madison,7163 193rd Pl.,2358880707,John18@yahoo.com
cust0203,Josh Washington,1027 177th Blvd.,1416549384,Josh20@gmail.com
cust0204,Josh Davis,7425 98th Blvd.,1078281299,Josh21@gmail.com
cust0205,Chris Washington,6287 49th Pky.,5291965997,Chris15@msn.com
cust0206,Cary Williams,3720 178th St.,5400118310,Cary11@yahoo.com
cust0207,Lisa Johnson,4278 190th St.,7360302826,Lisa13@aol.com
cust0208,George Davis,3337 188th Ave.,9880971933,George20@gmail.com
cust0209,Carly Miller,5863 81st Way,7228589845,Carly11@msn.com
cust0210,Chris Miller,2541 189th Dr.,2270413122,Chris16@gmail.com
cust0211,Tom Brown,2102 101st Rd.,4509889634,Tom13@aol.com
cust0212,John Lincoln,579 17th St.,9218345646,John19@gmail.com
cust0213,Pat Anderson,1584 187th St.,3210929031,Pat14@yahoo.com
cust0214,Sue Madison,9254 164th Cir.,1113415988,Sue17@aol.com
cust0215,Pat Smith,6039 114th Pky.,2410666744,Pat15@msn.com
cust0216,Tom Washington,7996 34th Ave.,3416679385,Tom14@gmail.com
cust0217,Scott Williams,4278 192nd Dr.,9498404839,Scott12@aol.com
cust0218,Josh Garfield,5931 140th Ln.,6187597563,Josh22@gmail.com
cust0219,Scott Brown,957 1st Way,7712322167,Scott13@gmail.com
cust0220,Mark Lincoln,756 66th Blvd.,6030820782,Mark11@msn.com
cust0221,John Lincoln,2124 139th Ave.,7610111758,John20@aol.com
cust0222,Cary Brown,2108 57th Cir.,2612579896,Cary12@yahoo.com
cust0223,Mark Smith,8344 52nd Blvd.,8503616712,Mark12@aol.com
cust0224,Pat Garfield,279 150th Way,4276333797,Pat16@msn.com
cust0225,Scott Washington,608 134th Dr.,4438004787,Scott14@yahoo.com
cust0226,Carey Williams,577 198th St.,4600927353,Carey13@gmail.com
cust0227,Sue Brown,6226 186th Pky.,7630334825,Sue18@gmail.com
cust0228,Lisa Brown,8569 67th Pky.,5027738787,Lisa14@yahoo.com
cust0229,Pat Smith,7012 122nd Cir.,5748738736,Pat17@yahoo.com
cust0230,Jordan Garfield,3604 107th Way,8722998840,Jordan13@gmail.com
cust0231,Josh Madison,5357 173rd Ave.,4715482097,Josh23@aol.com
cust0232,Sue Davis,4005 181st Rd.,4574296994,Sue19@gmail.com
cust0233,Jordan Garfield,4073 65th Blvd.,7528784475,Jordan14@yahoo.com
cust0234,Scott Miller,2538 44th Dr.,2197316519,Scott15@msn.com
cust0235,Scott Davis,4252 110th Ave.,3745568095,Scott16@yahoo.com
cust0236,Scott Smith,4899 12th Ave.,4341244648,Scott17@gmail.com
cust0237,Jordan Smith,9877 193rd Cir.,3232487928,Jordan15@msn.com
cust0238,Josh Washington,3481 96th Pl.,8270094763,Josh24@msn.com
cust0239,John Brown,5455 43rd Rd.,1788481709,John21@aol.com
cust0240,John Davis,9155 36th Pl.,9695145831,John22@gmail.com
cust0241,Josh Anderson,8051 84th Pl.,9566242583,Josh25@gmail.com
cust0242,Sue Madison,7677 54th Pl.,7588056344,Sue20@gmail.com
cust0243,Lisa Anderson,853 179th Blvd.,9744032679,Lisa15@gmail.com
cust0244,Jordan Washington,6759 58th Ln.,3943674406,Jordan16@aol.com
cust0245,Tom Miller,9706 86th Pky.,2676293754,Tom15@yahoo.com
cust0246,Megan Smith,4594 158th St.,9110082242,Megan15@aol.com
cust0247,John Madison,4830 70th Cir.,3098548525,John23@msn.com
cust0248,Josh Garfield,5302 199th Way,5020677891,Josh26@aol.com
cust0249,Jordan Williams,1276 95th Ave.,5892355904,Jordan17@aol.com
cust0250,John Washington,6058 134th Blvd.,8196066306,John24@yahoo.com
cust0251,Carly Anderson,8649 58th Pl.,3480509048,Carly12@gmail.com
cust0252,Carly Miller,5405 133rd Blvd.,3702438829,Carly13@aol.com
cust0253,Mark Anderson,144 64th Pky.,1001912042,Mark13@gmail.com
cust0254,Megan Washington,1333 16th Rd.,7626800887,Megan16@aol.com
cust0255,Cary Brown,6834 117th St.,6199516804,Cary13@gmail.com
cust0256,Megan Madison,1877 152nd Pky.,7136923230,Megan17@yahoo.com
cust0257,Cary Lincoln,7273 72nd Ln.,9738892782,Cary14@yahoo.com
cust0258,Carly Anderson,4756 20th Pl.,1148544529,Carly14@yahoo.com
cust0259,Jordan Washington,7582 47th Cir.,7471608043,Jordan18@aol.com
cust0260,Scott Madison,7083 122nd Pl.,1323465017,Scott18@yahoo.com
cust0261,Pat Miller,1324 4th Dr.,3182662310,Pat18@msn.com
cust0262,Cary Smith,2494 106th Cir.,4680072292,Cary15@gmail.com
cust0263,Carly Davis,1328 178th Pky.,7969188327,Carly15@msn.com
cust0264,Mark Brown,534 101st Ln.,6731715332,Mark14@aol.com
cust0265,George Madison,6433 111st Way,1564378435,George21@yahoo.com
cust0266,Sue Washington,2243 99th Ln.,2475433340,Sue21@yahoo.com
cust0267,Lisa Washington,1781 187th Cir.,4911197145,Lisa16@gmail.com
cust0268,Megan Madison,2845 4th Pl.,7728871284,Megan18@msn.com
cust0269,Chris Williams,3998 11th St.,4349624784,Chris17@gmail.com
cust0270,Pat Washington,9774 160th Dr.,1291783416,Pat19@msn.com
cust0271,Jordan Madison,9753 171st Ave.,6854282464,Jordan19@msn.com
cust0272,Lisa Washington,9252 97th Ave.,3332310198,Lisa17@gmail.com
cust0273,Chris Smith,4313 93rd Cir.,5938183915,Chris18@msn.com
cust0274,John Williams,8972 16th Ave.,2232434739,John25@aol.com
cust0275,Jordan Smith,8998 42nd Rd.,6288845877,Jordan20@gmail.com
cust0276,Tom Anderson,8261 159th Pl.,3481405693,Tom16@msn.com
cust0277,Carey Lincoln,1912 28th Dr.,5462519796,Carey14@yahoo.com
cust0278,Carey Anderson,9154 191st Cir.,9111811015,Carey15@aol.com
cust0279,Mark Smith,9992 96th Cir.,8536784127,Mark15@yahoo.com
cust0280,Sue Miller,4363 190th Pl.,8579326195,Sue22@gmail.com
cust0281,John Williams,7711 113rd Pky.,8639543980,John26@msn.com
cust0282,George Garfield,4244 159th Ave.,7618798522,George22@yahoo.com
cust0283,Carly Davis,1594 33rd Dr.,2141578062,Carly16@gmail.com
cust0284,Scott Davis,2512 41st St.,3794288395,Scott19@yahoo.com
cust0285,Carey Garfield,8170 142nd Ave.,3233574057,Carey16@msn.com
cust0286,Chris Washington,70 90th Cir.,1948107688,Chris19@aol.com
cust0287,Scott Miller,4410 75th Blvd.,1690925278,Scott20@msn.com
cust0288,Tom Miller,9121 18th Way,7769767710,Tom17@yahoo.com
cust0289,Scott Anderson,381 160th Rd.,6784054514,Scott21@msn.com
cust0290,Mark Williams,1675 197th Dr.,8947453376,Mark16@msn.com
cust0291,John Johnson,3651 21st Way,7853858859,John27@yahoo.com
cust0292,Tom Davis,4654 30th Way,9223946742,Tom18@gmail.com
cust0293,Pat Davis,4155 1st Rd.,7849842547,Pat20@aol.com
cust0294,Carly Garfield,8672 32nd St.,7034425412,Carly17@aol.com
cust0295,Lisa Davis,4214 173rd Cir.,3878963276,Lisa18@aol.com
cust0296,Chris Lincoln,7835 163rd Cir.,4133146520,Chris20@aol.com
cust0297,Josh Smith,2773 185th Blvd.,7939031316,Josh27@yahoo.com
cust0298,Lisa Washington,2951 141st Ln.,2581328853,Lisa19@gmail.com
cust0299,Chris Miller,5391 181st Blvd.,9593134042,Chris21@aol.com
cust0300,Scott Garfield,7828 175th Pky.,5702671781,Scott22@msn.com
cust0301,Scott Garfield,9643 82nd Dr.,1267605984,Scott23@gmail.com
cust0302,Cary Madison,9796 106th St.,3047449531,Cary16@msn.com
cust0303,Josh Madison,1101 72nd Way,1555210290,Josh28@gmail.com
cust0304,Cary Lincoln,5436 68th Blvd.,2445683036,Cary17@gmail.com
cust0305,Tom Madison,2653 51st St.,5782503004,Tom19@msn.com
cust0306,Scott Brown,5653 94th Cir.,3213391794,Scott24@aol.com
cust0307,Chris Williams,3149 63rd Ave.,1052442780,Chris22@msn.com
cust0308,Sue Williams,7452 58th St.,8060517481,Sue23@aol.com
cust0309,Sue Smith,9707 117th St.,6912494840,Sue24@msn.com
cust0310,Carly Johnson,8575 24th Dr.,7563173352,Carly18@gmail.com
cust0311,George Lincoln,3417 180th Ave.,4838032792,George23@yahoo.com
cust0312,Mark Anderson,1646 140th Pky.,5630797075,Mark17@aol.com
cust0313,Sue Johnson,1579 19th Pky.,5121086670,Sue25@yahoo.com
cust0314,John Madison,3985 144th Rd.,8507389264,John28@yahoo.com
cust0315,Scott Madison,6086 117th Ln.,6135743623,Scott25@gmail.com
cust0316,Scott Johnson,58 154th Rd.,4981325483,Scott26@aol.com
cust0317,Pat Williams,8455 186th Pl.,7807884558,Pat21@gmail.com
cust0318,Sue Johnson,1020 14th Dr.,9569178576,Sue26@yahoo.com
cust0319,Sue Madison,5876 41st Ln.,4846312444,Sue27@aol.com
cust0320,Carey Madison,9056 35th Rd.,4171095434,Carey17@aol.com
cust0321,Josh Garfield,5992 6th Pl.,8622898520,Josh29@msn.com
cust0322,Megan Anderson,8569 44th Rd.,1835524983,Megan19@msn.com
cust0323,John Miller,9570 29th Way,4223561706,John29@gmail.com
cust0324,John Miller,8686 53rd Ave.,1215641401,John30@gmail.com
cust0325,Mark Davis,224 86th Pky.,2895034055,Mark18@gmail.com
cust0326,Carly Miller,8840 193rd Way,2108020182,Carly19@yahoo.com
cust0327,Jordan Garfield,1399 126th Ave.,6746359271,Jordan21@aol.com
cust0328,Pat Anderson,544 200th Way,3051870945,Pat22@yahoo.com
cust0329,Josh Washington,4811 37th Pl.,9792869418,Josh30@msn.com
cust0330,Josh Madison,3381 121st Way,3538528722,Josh31@yahoo.com
cust0331,Tom Garfield,8186 24th Ln.,8069251080,Tom20@aol.com
cust0332,Lisa Brown,5295 73rd Ln.,8698000236,Lisa20@msn.com
cust0333,Tom Johnson,939 31st Way,1772154920,Tom21@yahoo.com
cust0334,George Brown,9325 179th Pky.,7949877691,George24@aol.com
cust0335,Cary Brown,9654 117th Pky.,6474021181,Cary18@aol.com
cust0336,Cary Miller,7536 189th Ln.,2637776259,Cary19@msn.com
cust0337,Chris Johnson,9955 154th Way,9070950966,Chris23@msn.com
cust0338,Tom Smith,4643 60th Ln.,6523560958,Tom22@aol.com
cust0339,Jordan Brown,5699 160th Blvd.,7391156140,Jordan22@yahoo.com
cust0340,George Williams,4800 196th Pky.,5619100584,George25@msn.com
cust0341,George Lincoln,5143 143rd Pl.,1483188635,George26@aol.com
cust0342,John Lincoln,9108 100th Pl.,2980026600,John31@aol.com
cust0343,Josh Johnson,80 55th Way,7825416222,Josh32@aol.com
cust0344,Chris Anderson,9734 17th Ln.,7106231862,Chris24@gmail.com
cust0345,Megan Anderson,5591 3rd Ln.,8043796155,Megan20@aol.com
cust0346,Lisa Brown,4632 12th Pky.,8682250774,Lisa21@aol.com
cust0347,Carly Smith,8055 108th Ln.,4211519635,Carly20@aol.com
cust0348,Scott Lincoln,2712 60th Blvd.,3702386265,Scott27@msn.com
cust0349,Cary Johnson,12 187th Blvd.,2432041594,Cary20@aol.com
cust0350,Lisa Garfield,3968 42nd St.,9287767098,Lisa22@gmail.com
cust0351,Carey Miller,478 144th Pl.,7856267097,Carey18@msn.com
cust0352,Carey Madison,428 160th Ln.,2716606766,Carey19@yahoo.com
cust0353,John Brown,3409 82nd Cir.,6098867518,John32@msn.com
cust0354,Carly Washington,7976 48th Rd.,2197971860,Carly21@msn.com
cust0355,Carey Davis,992 50th Dr.,3489405187,Carey20@msn.com
cust0356,Pat Anderson,1381 34th Blvd.,3507030935,Pat23@aol.com
cust0357,Jordan Davis,9585 8th Cir.,2006767995,Jordan23@msn.com
cust0358,Megan Johnson,7760 1st Cir.,4022947589,Megan21@yahoo.com
cust0359,Josh Madison,9435 145th Ave.,6604261714,Josh33@yahoo.com
cust0360,John Davis,4913 104th Pl.,6262342180,John33@gmail.com
cust0361,Chris Johnson,1157 160th Pl.,8377754026,Chris25@yahoo.com
cust0362,Chris Miller,3720 67th Pky.,3764179544,Chris26@yahoo.com
cust0363,Jordan Smith,7741 186th Pky.,2928466110,Jordan24@yahoo.com
cust0364,John Smith,3919 62nd Dr.,8773900063,John34@gmail.com
cust0365,Cary Madison,5426 104th Cir.,6036351555,Cary21@gmail.com
cust0366,Josh Johnson,2947 19th Way,1187525992,Josh34@yahoo.com
cust0367,Chris Johnson,6242 19th Ln.,9258033858,Chris27@msn.com
cust0368,Pat Anderson,1043 65th Pl.,8758638885,Pat24@gmail.com
cust0369,Carey Lincoln,5969 142nd Blvd.,8640890013,Carey21@yahoo.com
cust0370,Cary Johnson,3541 165th Rd.,5603168389,Cary22@msn.com
cust0371,Tom Brown,8122 15th Pky.,4419659608,Tom23@aol.com
cust0372,Mark Davis,8899 86th Dr.,4396043385,Mark19@msn.com
cust0373,Pat Madison,385 66th St.,3143267384,Pat25@aol.com
cust0374,John Davis,2191 137th Way,6227131706,John35@aol.com
cust0375,Sue Williams,8696 177th Ave.,1203852852,Sue28@gmail.com
cust0376,Lisa Williams,1958 172nd Ln.,4452425524,Lisa23@msn.com
cust0377,Josh Lincoln,488 2nd Way,4346930714,Josh35@yahoo.com
cust0378,Carey Williams,1792 97th Cir.,9285734197,Carey22@msn.com
cust0379,Tom Madison,5029 129th Rd.,3363479758,Tom24@gmail.com
cust0380,Scott Lincoln,4615 183rd Cir.,5951094075,Scott28@aol.com
cust0381,Megan Madison,7711 180th Ave.,5665480340,Megan22@gmail.com
cust0382,Chris Anderson,5382 123rd Rd.,6611236538,Chris28@msn.com
cust0383,Mark Smith,6027 126th Blvd.,2971504868,Mark20@aol.com
cust0384,Sue Smith,5818 21st Blvd.,4328587565,Sue29@yahoo.com
cust0385,Jordan Garfield,9470 115th Pky.,2847762050,Jordan25@msn.com
cust0386,Sue Garfield,5173 95th Pl.,1659581933,Sue30@gmail.com
cust0387,Chris Brown,634 175th Pl.,4348632652,Chris29@gmail.com
cust0388,Tom Anderson,2181 172nd Pl.,6414645510,Tom25@aol.com
cust0389,John Washington,3492 170th Ave.,6737162710,John36@msn.com
cust0390,George Miller,9531 190th Ln.,5143986301,George27@yahoo.com
cust0391,Mark Davis,2597 154th Rd.,2768134378,Mark21@yahoo.com
cust0392,George Brown,9028 177th Way,1157648983,George28@gmail.com
cust0393,Chris Smith,9696 133rd Way,8769466280,Chris30@msn.com
cust0394,Carey Anderson,8169 173rd Cir.,6701602967,Carey23@gmail.com
cust0395,Scott Madison,898 135th Blvd.,5465937526,Scott29@aol.com
cust0396,George Anderson,158 123rd Pky.,4101229035,George29@msn.com
cust0397,Pat Washington,1703 167th Dr.,5091760853,Pat26@yahoo.com
cust0398,Jordan Miller,119 107th Ln.,5768311556,Jordan26@yahoo.com
cust0399,Jordan Madison,9794 5th Cir.,6997988930,Jordan27@aol.com
cust0400,Chris Washington,1083 24th Cir.,2725606188,Chris31@gmail.com
cust0401,Carey Garfield,4680 17th Rd.,5376356230,Carey24@yahoo.com
cust0402,Pat Williams,8588 96th Rd.,7137200280,Pat27@aol.com
cust0403,Sue Garfield,2228 143rd St.,6459644706,Sue31@yahoo.com
cust0404,George Brown,2249 181st Ln.,1821572731,George30@yahoo.com
cust0405,John Anderson,1843 33rd Cir.,5666028820,John37@yahoo.com
cust0406,Josh Washington,6993 91st Ave.,8247555889,Josh36@aol.com
cust0407,Tom Smith,8945 12th Rd.,2249176583,Tom26@gmail.com
cust0408,Pat Smith,4507 150th Way,1521618665,Pat28@gmail.com
cust0409,Mark Smith,4553 160th Pky.,1708234820,Mark22@gmail.com
cust0410,Tom Washington,3251 18th Dr.,2029584057,Tom27@gmail.com
cust0411,Sue Garfield,9452 161st Cir.,6505073706,Sue32@msn.com
cust0412,Pat Miller,9450 141st Ave.,9608209074,Pat29@msn.com
cust0413,Pat Anderson,5072 77th Cir.,4278227340,Pat30@yahoo.com
cust0414,Chris Lincoln,6400 89th Rd.,4351173098,Chris32@yahoo.com
cust0415,George Davis,2551 115th Blvd.,9182553284,George31@aol.com
cust0416,Carly Garfield,1909 60th Cir.,2721748006,Carly22@yahoo.com
cust0417,Lisa Smith,7649 16th Way,3247510003,Lisa24@gmail.com
cust0418,Pat Miller,3747 50th Blvd.,4467860610,Pat31@aol.com
cust0419,Carey Lincoln,3926 1st Cir.,4312882463,Carey25@gmail.com
cust0420,Carey Anderson,9967 92nd Way,5031642729,Carey26@gmail.com
cust0421,Jordan Garfield,2716 147th Rd.,7840517518,Jordan28@gmail.com
cust0422,Sue Garfield,8471 49th Pl.,2412297307,Sue33@gmail.com
cust0423,Carly Smith,7548 189th St.,4184725152,Carly23@yahoo.com
cust0424,Pat Garfield,3237 187th Cir.,4200339174,Pat32@msn.com
cust0425,Mark Lincoln,1439 172nd Pky.,2359360672,Mark23@aol.com
cust0426,Jordan Madison,4866 38th Blvd.,1865449104,Jordan29@msn.com
cust0427,Lisa Miller,2887 161st Ave.,8849983675,Lisa25@gmail.com
cust0428,John Johnson,4291 35th Blvd.,8959364663,John38@msn.com
cust0429,Josh Williams,8704 111st Cir.,3094408510,Josh37@gmail.com
cust0430,Cary Garfield,8382 200th Rd.,4823464348,Cary23@yahoo.com
cust0431,Carly Brown,3367 32nd Dr.,1390684565,Carly24@aol.com
cust0432,Scott Lincoln,6500 78th Pky.,6005531806,Scott30@aol.com
cust0433,Pat Brown,1161 113rd Pky.,3237880266,Pat33@aol.com
cust0434,Lisa Johnson,6783 97th Pl.,7599461513,Lisa26@msn.com
cust0435,Chris Anderson,7483 96th Ave.,7570629820,Chris33@msn.com
cust0436,Tom Smith,4547 89th Cir.,6882272059,Tom28@aol.com
cust0437,George Brown,7717 5th Dr.,7063171771,George32@msn.com
cust0438,Cary Washington,7238 159th Way,9529569661,Cary24@gmail.com
cust0439,Megan Davis,5201 172nd Dr.,6394756978,Megan23@gmail.com
cust0440,Sue Williams,5906 151st Ln.,6179582782,Sue34@yahoo.com
cust0441,Lisa Miller,3097 129th Ave.,2831160776,Lisa27@gmail.com
cust0442,Pat Smith,6473 34th Cir.,9923271268,Pat34@aol.com
cust0443,Pat Williams,8641 151st Pl.,6533675952,Pat35@msn.com
cust0444,Carey Anderson,4069 50th Ln.,2223940876,Carey27@msn.com
cust0445,Chris Smith,3292 30th Blvd.,7715396326,Chris34@gmail.com
cust0446,Tom Anderson,9151 176th Pl.,6472142109,Tom29@aol.com
cust0447,Mark Davis,2770 93rd Cir.,1877822518,Mark24@aol.com
cust0448,Sue Davis,6590 198th Dr.,6522062462,Sue35@msn.com
cust0449,Tom Miller,7299 173rd St.,7043656506,Tom30@msn.com
cust0450,Carly Miller,5066 107th Way,6028079879,Carly25@aol.com
cust0451,Lisa Davis,6958 149th Ln.,3732330212,Lisa28@yahoo.com
cust0452,Chris Garfield,6422 10th Dr.,2432709953,Chris35@aol.com
cust0453,Tom Garfield,1817 163rd St.,6734007698,Tom31@yahoo.com
cust0454,Mark Lincoln,2272 86th Ln.,7427939119,Mark25@aol.com
cust0455,Carly Anderson,4762 35th Way,9866330443,Carly26@yahoo.com
cust0456,Lisa Brown,6280 175th St.,6213818092,Lisa29@yahoo.com
cust0457,Cary Madison,3974 173rd Cir.,1864532835,Cary25@msn.com
cust0458,Chris Lincoln,9143 42nd Rd.,7110013083,Chris36@msn.com
cust0459,Sue Miller,243 163rd Pl.,4676328379,Sue36@gmail.com
cust0460,Chris Smith,5480 125th Rd.,1125313135,Chris37@yahoo.com
cust0461,Pat Garfield,8184 91st Ln.,1852935980,Pat36@msn.com
cust0462,Cary Johnson,4272 87th Way,2264798457,Cary26@aol.com
cust0463,Josh Washington,3409 137th Way,4985764570,Josh38@yahoo.com
cust0464,Lisa Washington,9109 122nd Pky.,7962614014,Lisa30@gmail.com
cust0465,Carey Garfield,6208 185th Ave.,1835194045,Carey28@gmail.com
cust0466,George Lincoln,2524 28th St.,9302258781,George33@gmail.com
cust0467,Tom Lincoln,3307 7th Pl.,4172471583,Tom32@msn.com
cust0468,Carey Davis,2773 135th Pl.,1457584699,Carey29@msn.com
cust0469,Josh Johnson,2913 142nd Pky.,6901490649,Josh39@msn.com
cust0470,Carly Anderson,9914 90th Ave.,7040997690,Carly27@yahoo.com
cust0471,George Miller,9246 162nd St.,1112702188,George34@aol.com
cust0472,Josh Smith,8736 80th Pky.,4941308285,Josh40@msn.com
cust0473,George Anderson,6668 23rd Pky.,4814581737,George35@yahoo.com
cust0474,Jordan Anderson,5539 147th St.,3100718863,Jordan30@gmail.com
cust0475,Jordan Williams,2059 10th Dr.,9562072977,Jordan31@aol.com
cust0476,Carey Washington,3901 35th St.,2362906752,Carey30@gmail.com
cust0477,Megan Smith,5222 134th Dr.,6920908047,Megan24@yahoo.com
cust0478,Mark Anderson,8841 139th Dr.,4641605640,Mark26@gmail.com
cust0479,Carly Washington,4778 22nd Cir.,4782714469,Carly28@yahoo.com
cust0480,John Anderson,3503 191st Dr.,1706126196,John39@msn.com
cust0481,Cary Miller,4597 106th Rd.,1388375962,Cary27@aol.com
cust0482,Tom Smith,814 191st Rd.,1995726605,Tom33@msn.com
cust0483,Sue Johnson,3520 167th Rd.,6154236839,Sue37@gmail.com
cust0484,Megan Johnson,9799 178th Rd.,8757458992,Megan25@yahoo.com
cust0485,Chris Williams,7067 146th St.,9296125385,Chris38@gmail.com
cust0486,Carly Madison,6206 185th Ave.,5078328423,Carly29@aol.com
cust0487,George Brown,2444 12th Pl.,7295414195,George36@yahoo.com
cust0488,Tom Garfield,7066 33rd Way,5957342834,Tom34@yahoo.com
cust0489,Scott Garfield,6012 181st Cir.,3591638718,Scott31@msn.com
cust0490,George Brown,9397 165th Blvd.,8904223849,George37@yahoo.com
cust0491,John Brown,1759 20th Ln.,2700967417,John40@aol.com
cust0492,Carly Washington,5150 101st Pky.,4246421790,Carly30@msn.com
cust0493,John Garfield,4586 80th Dr.,1938469067,John41@yahoo.com
cust0494,Cary Lincoln,7742 131st Dr.,3643895909,Cary28@yahoo.com
cust0495,Sue Miller,129 148th Pl.,9137200740,Sue38@aol.com
cust0496,Cary Davis,3718 24th Pky.,8009111942,Cary29@aol.com
cust0497,Josh Davis,322 19th Ln.,5902299907,Josh41@yahoo.com
cust0498,George Miller,6347 58th Pky.,8549963266,George38@aol.com
cust0499,Jordan Smith,3180 105th St.,1100643523,Jordan32@aol.com
cust0500,Jordan Madison,8483 127th Cir.,8546341134,Jordan33@aol.com
cust0501,Scott Garfield,3387 102nd Way,2251190887,Scott32@msn.com
cust0502,Chris Brown,8402 83rd Blvd.,9753071074,Chris39@aol.com
cust0503,Sue Anderson,6443 65th Rd.,8573238018,Sue39@msn.com
cust0504,Cary Brown,4058 165th Ln.,3983562787,Cary30@msn.com
cust0505,Carly Johnson,8864 28th Cir.,8899075836,Carly31@gmail.com
cust0506,Mark Anderson,1127 80th Way,3822214871,Mark27@msn.com
cust0507,Tom Miller,98 108th Way,6324316964,Tom35@yahoo.com
cust0508,Jordan Davis,4714 99th Pky.,3035354402,Jordan34@yahoo.com
cust0509,Scott Garfield,8609 55th Cir.,9580495729,Scott33@gmail.com
cust0510,Lisa Davis,1563 52nd Blvd.,3276281193,Lisa31@yahoo.com
cust0511,George Davis,9235 1st Way,7642633584,George39@aol.com
cust0512,George Davis,1785 53rd Blvd.,9265743568,George40@yahoo.com
cust0513,Carey Garfield,622 142nd Dr.,6400309242,Carey31@yahoo.com
cust0514,Scott Williams,1846 200th Pl.,5152348217,Scott34@aol.com
cust0515,John Smith,6475 116th Way,7776524561,John42@aol.com
cust0516,Sue Anderson,8147 176th Rd.,7896520623,Sue40@aol.com
cust0517,Pat Madison,4171 175th St.,7339164367,Pat37@aol.com
cust0518,Tom Miller,4961 140th Pl.,7519748381,Tom36@msn.com
cust0519,Mark Smith,4281 94th Ave.,7087228393,Mark28@msn.com
cust0520,Lisa Williams,3042 28th Pl.,4193224568,Lisa32@aol.com
cust0521,Carey Miller,1895 175th Pl.,4012102371,Carey32@aol.com
cust0522,Carly Miller,1929 15th Ave.,3776247504,Carly32@msn.com
cust0523,Lisa Williams,3536 52nd Pl.,2791300038,Lisa33@yahoo.com
cust0524,Mark Johnson,1325 21st St.,4610495393,Mark29@gmail.com
cust0525,Megan Smith,8789 176th Ln.,3338151761,Megan26@aol.com
cust0526,Lisa Brown,2407 16th Pl.,3574168714,Lisa34@aol.com
cust0527,Jordan Miller,7850 104th Ave.,4431780903,Jordan35@gmail.com
cust0528,Carly Lincoln,5936 108th Way,6847149832,Carly33@msn.com
cust0529,Tom Davis,7483 140th Cir.,3066304820,Tom37@aol.com
cust0530,Mark Miller,5421 32nd Rd.,8738909226,Mark30@yahoo.com
cust0531,Pat Johnson,4604 13th Rd.,2222909614,Pat38@gmail.com
cust0532,Scott Anderson,7631 183rd Pl.,4712094245,Scott35@aol.com
cust0533,George Madison,7432 153rd Rd.,2018666630,George41@msn.com
cust0534,Tom Garfield,3419 189th Ave.,3254562183,Tom38@msn.com
cust0535,Cary Johnson,6828 126th Cir.,6067702459,Cary31@yahoo.com
cust0536,Tom Brown,8652 196th Cir.,4656588417,Tom39@aol.com
cust0537,Josh Williams,7686 93rd Rd.,1573527536,Josh42@gmail.com
cust0538,John Williams,7496 95th Ave.,8711908430,John43@msn.com
cust0539,Carey Davis,7578 141st Blvd.,7032520794,Carey33@yahoo.com
cust0540,Carly Smith,301 53rd Pl.,6578382965,Carly34@gmail.com
cust0541,John Smith,7320 163rd Dr.,8546933806,John44@msn.com
cust0542,Cary Davis,8516 192nd Pky.,7265385441,Cary32@msn.com
cust0543,Megan Lincoln,4904 180th Blvd.,5720117839,Megan27@yahoo.com
cust0544,Jordan Garfield,9237 37th Ln.,1530424893,Jordan36@msn.com
cust0545,Mark Williams,5332 121st Dr.,7409963390,Mark31@yahoo.com
cust0546,Scott Madison,6971 52nd Blvd.,2579824619,Scott36@gmail.com
cust0547,Megan Garfield,2773 102nd Pl.,9302844063,Megan28@aol.com
cust0548,Megan Anderson,9159 96th Pl.,6059407790,Megan29@yahoo.com
cust0549,Chris Brown,9514 193rd Ave.,3380535526,Chris40@aol.com
cust0550,Lisa Madison,1162 117th Blvd.,6191615822,Lisa35@gmail.com
cust0551,John Johnson,137 51st Pky.,6816782514,John45@msn.com
cust0552,Carly Lincoln,6866 106th Cir.,8272455908,Carly35@gmail.com
cust0553,Tom Anderson,3143 178th Ave.,4682342374,Tom40@aol.com
cust0554,Pat Miller,6122 12th Cir.,9341703332,Pat39@gmail.com
cust0555,Carey Johnson,6283 87th Blvd.,7450613816,Carey34@msn.com
cust0556,Megan Brown,1426 195th Blvd.,3079702309,Megan30@gmail.com
cust0557,Carey Madison,755 194th Ave.,7226415061,Carey35@yahoo.com
cust0558,Tom Garfield,5535 47th Ave.,1516078683,Tom41@aol.com
cust0559,Pat Lincoln,1109 20th Ln.,4195390091,Pat40@aol.com
cust0560,Scott Smith,4838 111st Cir.,7213634108,Scott37@gmail.com
cust0561,John Miller,3353 130th Rd.,7679761879,John46@yahoo.com
cust0562,Josh Johnson,9844 115th Ln.,8827845579,Josh43@gmail.com
cust0563,Carey Smith,5356 105th Ave.,7368629987,Carey36@yahoo.com
cust0564,Pat Madison,4441 152nd Ln.,6676904405,Pat41@aol.com
cust0565,Carly Garfield,6769 18th Pl.,9953534633,Carly36@msn.com
cust0566,Josh Anderson,5044 180th Pl.,4396067052,Josh44@yahoo.com
cust0567,Cary Miller,880 24th Cir.,3207322135,Cary33@aol.com
cust0568,Mark Madison,270 109th Blvd.,3861432346,Mark32@msn.com
cust0569,Sue Smith,1207 158th Pl.,9650417006,Sue41@yahoo.com
cust0570,Carly Miller,3807 170th Ln.,1587459743,Carly37@gmail.com
cust0571,John Davis,4891 88th Cir.,6425885338,John47@yahoo.com
cust0572,Cary Lincoln,1997 10th Ave.,5634392610,Cary34@yahoo.com
cust0573,Megan Madison,3767 110th Pl.,4641857253,Megan31@gmail.com
cust0574,Lisa Brown,5021 103rd Ave.,1156676801,Lisa36@msn.com
cust0575,Carly Johnson,900 177th Ln.,5784082554,Carly38@msn.com
cust0576,Jordan Lincoln,9310 52nd Pl.,8437571304,Jordan37@gmail.com
cust0577,Sue Brown,3680 125th Dr.,5614010925,Sue42@msn.com
cust0578,Cary Lincoln,7420 161st Way,6464718755,Cary35@aol.com
cust0579,Chris Brown,7221 51st Rd.,8322369595,Chris41@aol.com
cust0580,Josh Johnson,51 105th St.,6683456162,Josh45@aol.com
cust0581,Cary Garfield,425 141st Pky.,9639819032,Cary36@msn.com
cust0582,Cary Williams,4784 92nd Ave.,7105286430,Cary37@msn.com
cust0583,Mark Davis,1818 110th Dr.,9060486337,Mark33@msn.com
cust0584,Jordan Williams,5098 95th Pky.,6708692056,Jordan38@aol.com
cust0585,Lisa Garfield,4189 50th Pky.,1581021019,Lisa37@msn.com
cust0586,Josh Anderson,8126 34th Pky.,7122222250,Josh46@msn.com
cust0587,Pat Washington,3017 12th Pky.,7697605464,Pat42@msn.com
cust0588,George Anderson,3752 77th Blvd.,5215660219,George42@msn.com
cust0589,Carly Miller,8117 47th Way,7335778485,Carly39@gmail.com
cust0590,Josh Madison,2641 91st Ave.,3963656999,Josh47@aol.com
cust0591,Jordan Garfield,2155 173rd Dr.,7536781827,Jordan39@yahoo.com
cust0592,Chris Madison,8810 158th Cir.,1310585431,Chris42@gmail.com
cust0593,Chris Washington,5248 7th Dr.,4756932522,Chris43@yahoo.com
cust0594,Mark Anderson,9591 111st St.,9676314906,Mark34@msn.com
cust0595,Lisa Miller,7549 121st Dr.,5151122817,Lisa38@gmail.com
cust0596,Jordan Anderson,6400 11th Ln.,6615180616,Jordan40@gmail.com
cust0597,Jordan Washington,6826 162nd Way,1083128332,Jordan41@aol.com
cust0598,Carey Washington,9869 185th Rd.,1211007269,Carey37@aol.com
cust0599,Mark Madison,1208 150th Ln.,8801270925,Mark35@gmail.com
cust0600,Cary Anderson,6970 16th Ln.,4520546568,Cary38@aol.com
cust0601,Josh Washington,2653 69th St.,4071187234,Josh48@yahoo.com
cust0602,Jordan Williams,4470 78th Ln.,2683506175,Jordan42@gmail.com
cust0603,John Smith,1505 58th Ave.,8151899661,John48@aol.com
cust0604,Megan Davis,3708 126th Ln.,1538142944,Megan32@yahoo.com
cust0605,George Williams,3843 186th Ln.,3683298858,George43@gmail.com
cust0606,Carey Davis,6046 192nd Cir.,4698242420,Carey38@yahoo.com
cust0607,Mark Madison,5887 110th Cir.,7984164503,Mark36@gmail.com
cust0608,Mark Garfield,5012 180th Pky.,9089856778,Mark37@yahoo.com
cust0609,Lisa Miller,5066 47th Ave.,6058631050,Lisa39@yahoo.com
cust0610,Tom Miller,3774 200th Ave.,7344343446,Tom42@gmail.com
cust0611,Tom Anderson,776 123rd Rd.,9153439144,Tom43@gmail.com
cust0612,Josh Miller,5128 193rd Ln.,1404644386,Josh49@msn.com
cust0613,John Lincoln,1013 178th Way,8817430959,John49@yahoo.com
cust0614,Pat Lincoln,7465 86th Pl.,5087291208,Pat43@gmail.com
cust0615,Sue Garfield,6359 89th Pl.,4674965381,Sue43@aol.com
cust0616,Cary Anderson,8829 5th Pl.,2217845362,Cary39@gmail.com
cust0617,Cary Johnson,5593 29th Rd.,8644747167,Cary40@gmail.com
cust0618,Scott Madison,882 155th Ave.,5762004442,Scott38@yahoo.com
cust0619,George Davis,7871 52nd Ln.,5414721090,George44@yahoo.com
cust0620,Carly Davis,8017 9th Pky.,2802030551,Carly40@yahoo.com
cust0621,George Anderson,88 48th Ave.,7461013407,George45@gmail.com
cust0622,Jordan Miller,6288 168th Blvd.,8800673154,Jordan43@aol.com
cust0623,Josh Anderson,6374 139th St.,4298665531,Josh50@aol.com
cust0624,Mark Anderson,2171 90th Pky.,5884487877,Mark38@msn.com
cust0625,Scott Madison,9204 26th Way,3320668962,Scott39@aol.com
cust0626,Josh Anderson,1466 89th Pl.,2327157630,Josh51@gmail.com
cust0627,Tom Washington,4361 2nd Cir.,2203997762,Tom44@aol.com
cust0628,Scott Miller,1687 45th Dr.,5000604733,Scott40@msn.com
cust0629,Pat Washington,8224 21st St.,3044266697,Pat44@gmail.com
cust0630,Tom Washington,4527 187th St.,4301340163,Tom45@aol.com
cust0631,Carly Johnson,751 108th St.,2576616910,Carly41@yahoo.com
cust0632,Jordan Johnson,1644 93rd Ave.,3275409072,Jordan44@aol.com
cust0633,Lisa Davis,980 30th Pky.,8001950571,Lisa40@aol.com
cust0634,Pat Williams,7986 200th Ave.,5166693734,Pat45@msn.com
cust0635,Tom Garfield,4895 33rd Ave.,5186274647,Tom46@aol.com
cust0636,Jordan Lincoln,3629 134th Blvd.,8921167092,Jordan45@yahoo.com
cust0637,Lisa Lincoln,9048 1st Way,8776270345,Lisa41@yahoo.com
cust0638,Sue Johnson,1674 108th Ave.,2363543541,Sue44@aol.com
cust0639,Jordan Davis,2897 132nd Cir.,4353291329,Jordan46@gmail.com
cust0640,Megan Smith,1145 178th St.,1639103090,Megan33@gmail.com
cust0641,Sue Smith,4129 69th Blvd.,3549633567,Sue45@aol.com
cust0642,Sue Miller,2534 23rd Blvd.,1194054171,Sue46@gmail.com
cust0643,Tom Miller,693 142nd Ave.,4106642479,Tom47@aol.com
cust0644,John Miller,4059 15th Ln.,4958717002,John50@gmail.com
cust0645,Lisa Anderson,8170 155th Blvd.,8273589251,Lisa42@msn.com
cust0646,Jordan Miller,3060 128th Rd.,1733408364,Jordan47@yahoo.com
cust0647,Lisa Williams,7635 110th Pky.,3349543309,Lisa43@msn.com
cust0648,Jordan Davis,29 49th Ave.,1525193463,Jordan48@gmail.com
cust0649,Mark Lincoln,660 157th Way,9442586863,Mark39@yahoo.com
cust0650,Lisa Washington,3863 86th Ave.,4311035629,Lisa44@msn.com
cust0651,Tom Smith,5422 99th Ln.,5789364421,Tom48@msn.com
cust0652,Mark Lincoln,1431 93rd Way,2880401837,Mark40@yahoo.com
cust0653,Pat Washington,441 18th St.,9023327781,Pat46@yahoo.com
cust0654,Chris Johnson,1471 183rd Dr.,9234980792,Chris44@msn.com
cust0655,George Garfield,5556 125th Dr.,1354060890,George46@msn.com
cust0656,Mark Davis,6359 118th Pky.,4426907766,Mark41@yahoo.com
cust0657,Megan Garfield,8448 125th Dr.,3810171687,Megan34@msn.com
cust0658,Carly Lincoln,9182 49th St.,5151137303,Carly42@yahoo.com
cust0659,John Williams,7724 173rd Ave.,3822419758,John51@msn.com
cust0660,Chris Anderson,6457 72nd Ave.,3008758967,Chris45@aol.com
cust0661,Sue Garfield,9927 77th Ave.,6154735291,Sue47@yahoo.com
cust0662,Jordan Washington,7117 157th Blvd.,8566439494,Jordan49@msn.com
cust0663,Tom Miller,5973 157th Cir.,3712746131,Tom49@yahoo.com
cust0664,Carly Brown,2067 111st Ave.,4284211631,Carly43@gmail.com
cust0665,John Washington,5035 102nd Pl.,3539233415,John52@msn.com
cust0666,Sue Miller,1538 4th Pky.,3877888914,Sue48@yahoo.com
cust0667,Cary Smith,676 94th Pl.,6119570851,Cary41@gmail.com
cust0668,George Lincoln,1032 115th St.,7757752319,George47@aol.com
cust0669,Lisa Lincoln,4658 51st Pky.,1197585549,Lisa45@aol.com
cust0670,Tom Williams,9214 44th Blvd.,8740040255,Tom50@msn.com
cust0671,Scott Washington,3975 49th Dr.,2504759135,Scott41@gmail.com
cust0672,Jordan Garfield,8178 56th Rd.,2722408375,Jordan50@yahoo.com
cust0673,John Johnson,1302 8th Ln.,8187872927,John53@aol.com
cust0674,Lisa Lincoln,1962 109th Ln.,2609890289,Lisa46@gmail.com
cust0675,Cary Williams,9677 80th Pl.,2527089213,Cary42@msn.com
cust0676,George Davis,7495 147th St.,6770685598,George48@msn.com
cust0677,Chris Brown,7416 38th Blvd.,6830929078,Chris46@gmail.com
cust0678,Sue Lincoln,8373 77th St.,3565608292,Sue49@aol.com
cust0679,Josh Williams,2673 199th Ln.,8263019612,Josh52@yahoo.com
cust0680,Carly Williams,1678 61st Ave.,9887785263,Carly44@aol.com
cust0681,Jordan Garfield,2490 181st Dr.,5603150299,Jordan51@msn.com
cust0682,Pat Smith,9766 88th Ave.,5478554746,Pat47@gmail.com
cust0683,Jordan Johnson,3268 34th Rd.,4531542488,Jordan52@yahoo.com
cust0684,Carly Williams,3983 193rd Ave.,7285835221,Carly45@yahoo.com
cust0685,Lisa Johnson,9642 47th Cir.,1372640088,Lisa47@yahoo.com
cust0686,Carly Johnson,6792 8th Blvd.,8425888399,Carly46@gmail.com
cust0687,Mark Anderson,3906 161st Dr.,9122320313,Mark42@yahoo.com
cust0688,George Madison,5912 45th Pl.,4185657016,George49@gmail.com
cust0689,Tom Garfield,1283 117th St.,5353687337,Tom51@msn.com
cust0690,Mark Anderson,7393 152nd Blvd.,1279643644,Mark43@yahoo.com
cust0691,John Madison,2518 113rd Blvd.,4493721417,John54@aol.com
cust0692,Sue Brown,4922 129th Way,9322706393,Sue50@gmail.com
cust0693,Carly Brown,6299 131st Pl.,4148696193,Carly47@gmail.com
cust0694,John Williams,7762 70th St.,4890240265,John55@yahoo.com
cust0695,Mark Lincoln,9491 139th Rd.,5588838487,Mark44@msn.com
cust0696,Carly Johnson,6472 149th Way,4742398767,Carly48@yahoo.com
cust0697,Lisa Johnson,4749 4th Rd.,1052605778,Lisa48@yahoo.com
cust0698,Mark Miller,2777 53rd Dr.,4931307307,Mark45@msn.com
cust0699,Cary Johnson,729 189th Dr.,6484976395,Cary43@msn.com
cust0700,Josh Johnson,8457 99th Dr.,5883002213,Josh53@msn.com
cust0701,Carly Johnson,9405 120th Ln.,1549181502,Carly49@yahoo.com
cust0702,Cary Anderson,3642 32nd Way,2952749056,Cary44@gmail.com
cust0703,Sue Johnson,6647 158th Blvd.,5925299612,Sue51@aol.com
cust0704,Pat Williams,1650 143rd Rd.,8498537461,Pat48@msn.com
cust0705,Sue Garfield,8869 86th Ln.,2818205083,Sue52@yahoo.com
cust0706,Jordan Brown,8544 130th Pl.,1875533786,Jordan53@aol.com
cust0707,Mark Johnson,5226 109th Ln.,6224634296,Mark46@msn.com
cust0708,Carly Madison,1130 94th Rd.,3590624783,Carly50@yahoo.com
cust0709,Carey Smith,2144 175th Cir.,3233601601,Carey39@gmail.com
cust0710,Carly Lincoln,1854 158th St.,3310245033,Carly51@gmail.com
cust0711,Lisa Smith,396 140th Way,1474347972,Lisa49@aol.com
cust0712,Mark Brown,7524 66th St.,2645571577,Mark47@gmail.com
cust0713,Megan Garfield,6308 53rd Rd.,9781363423,Megan35@gmail.com
cust0714,Lisa Anderson,3585 174th Pl.,6946845589,Lisa50@aol.com
cust0715,Carly Lincoln,8793 84th St.,4102288602,Carly52@msn.com
cust0716,Pat Miller,1745 151st Pky.,6920950766,Pat49@gmail.com
cust0717,Lisa Madison,5728 183rd Pky.,5344531290,Lisa51@gmail.com
cust0718,Cary Anderson,2136 161st Pl.,3740324251,Cary45@msn.com
cust0719,Cary Davis,7862 130th Ave.,8436987554,Cary46@gmail.com
cust0720,Pat Miller,8712 93rd Dr.,3340613479,Pat50@aol.com
cust0721,Carly Lincoln,5523 31st Way,4305030764,Carly53@aol.com
cust0722,Pat Smith,451 73rd Rd.,5198816297,Pat51@msn.com
cust0723,Mark Washington,3736 133rd St.,9797218975,Mark48@gmail.com
cust0724,Scott Williams,8584 45th Way,6015846171,Scott42@yahoo.com
cust0725,Chris Washington,8757 75th Ln.,6754383377,Chris47@msn.com
cust0726,Chris Brown,2949 98th St.,5359939097,Chris48@aol.com
cust0727,Mark Williams,23 75th Ave.,6527060915,Mark49@yahoo.com
cust0728,Mark Madison,8665 103rd Pky.,9185290406,Mark50@msn.com
cust0729,George Anderson,4320 167th Way,9379037493,George50@aol.com
cust0730,Lisa Davis,1081 53rd Ave.,5284149109,Lisa52@gmail.com
cust0731,Lisa Brown,8119 70th Pl.,8777172466,Lisa53@msn.com
cust0732,Cary Lincoln,9449 163rd Dr.,4502798540,Cary47@gmail.com
cust0733,Scott Lincoln,3677 173rd Way,1208740054,Scott43@yahoo.com
cust0734,Chris Washington,3811 14th Pl.,3430943386,Chris49@msn.com
cust0735,Carly Garfield,1485 170th St.,7258771660,Carly54@gmail.com
cust0736,Jordan Williams,2117 11th St.,2591636989,Jordan54@msn.com
cust0737,Jordan Davis,9281 136th Rd.,9232395425,Jordan55@gmail.com
cust0738,Josh Williams,5491 45th Pl.,3308726686,Josh54@aol.com
cust0739,John Madison,164 45th Dr.,2887975743,John56@aol.com
cust0740,Carey Johnson,8297 136th Pl.,2105160314,Carey40@yahoo.com
cust0741,John Lincoln,8003 24th Rd.,7153062455,John57@gmail.com
cust0742,Cary Smith,4224 178th Way,2846770589,Cary48@yahoo.com
cust0743,Scott Williams,7009 182nd Pky.,4743153450,Scott44@yahoo.com
cust0744,Mark Garfield,633 111st Blvd.,3560452042,Mark51@msn.com
cust0745,Mark Smith,6751 5th Ave.,9443191028,Mark52@yahoo.com
cust0746,Chris Washington,9625 35th St.,4948249253,Chris50@aol.com
cust0747,Tom Brown,9648 70th Blvd.,6215428161,Tom52@gmail.com
cust0748,John Anderson,8793 139th Pky.,7422068277,John58@msn.com
cust0749,Megan Davis,9234 152nd Rd.,3987408343,Megan36@gmail.com
cust0750,Mark Anderson,9534 153rd St.,6863123596,Mark53@aol.com
cust0751,Scott Smith,3225 56th Pky.,3914899817,Scott45@yahoo.com
cust0752,Cary Miller,1253 61st Cir.,3744044918,Cary49@yahoo.com
cust0753,Pat Garfield,3789 55th Pl.,1960863034,Pat52@msn.com
cust0754,Josh Brown,4724 149th Dr.,9297523417,Josh55@yahoo.com
cust0755,George Brown,3798 183rd Pky.,6827384600,George51@aol.com
cust0756,Scott Davis,7809 14th Ave.,2859307781,Scott46@msn.com
cust0757,George Johnson,7025 191st Pl.,2440997851,George52@gmail.com
cust0758,Mark Lincoln,7860 77th Ave.,9788703533,Mark54@yahoo.com
cust0759,George Lincoln,6630 145th Dr.,1184264250,George53@aol.com
cust0760,Tom Washington,3224 99th Rd.,5452248018,Tom53@yahoo.com
cust0761,Carey Lincoln,3955 121st Way,7401532807,Carey41@msn.com
cust0762,Pat Davis,6812 12th Way,3726398781,Pat53@aol.com
cust0763,Jordan Madison,7454 136th Pl.,6941693269,Jordan56@msn.com
cust0764,Carey Brown,285 46th Rd.,3039531771,Carey42@msn.com
cust0765,Megan Madison,6378 153rd Blvd.,3018934744,Megan37@msn.com
cust0766,Carly Johnson,1248 59th Way,2000375213,Carly55@msn.com
cust0767,Jordan Williams,1191 57th Cir.,4161729962,Jordan57@msn.com
cust0768,Carly Williams,8597 27th Blvd.,2945762572,Carly56@gmail.com
cust0769,Jordan Garfield,2192 103rd Rd.,4915230990,Jordan58@msn.com
cust0770,Cary Anderson,2890 176th Dr.,9624074462,Cary50@msn.com
cust0771,Pat Miller,9070 31st Pl.,8158698031,Pat54@msn.com
cust0772,Tom Johnson,1833 177th Rd.,4120804994,Tom54@yahoo.com
cust0773,George Johnson,4763 155th Ln.,9769417228,George54@yahoo.com
cust0774,Scott Lincoln,5205 142nd Ave.,1958171381,Scott47@aol.com
cust0775,Mark Miller,1998 155th Dr.,7444338160,Mark55@yahoo.com
cust0776,Josh Lincoln,5579 75th Pl.,7214723493,Josh56@msn.com
cust0777,Chris Davis,6313 144th St.,4651483899,Chris51@yahoo.com
cust0778,John Washington,5060 182nd Way,3198934819,John59@aol.com
cust0779,Sue Lincoln,3366 132nd Blvd.,4614885322,Sue53@aol.com
cust0780,Megan Garfield,5547 140th St.,9878429503,Megan38@gmail.com
cust0781,George Brown,1828 10th Ave.,1303407695,George55@yahoo.com
cust0782,Carey Smith,7518 58th Ln.,5967016072,Carey43@gmail.com
cust0783,Mark Lincoln,9554 101st Blvd.,3759261914,Mark56@yahoo.com
cust0784,Tom Madison,1158 84th Dr.,2791016704,Tom55@msn.com
cust0785,Chris Miller,6352 173rd Cir.,5346639643,Chris52@gmail.com
cust0786,Sue Washington,5565 44th Ln.,6466112972,Sue54@aol.com
cust0787,Tom Garfield,1760 71st Blvd.,4764857140,Tom56@gmail.com
cust0788,Carly Lincoln,7905 137th Ave.,2425374277,Carly57@aol.com
cust0789,Carey Brown,2434 62nd Dr.,3196910517,Carey44@msn.com
cust0790,Scott Anderson,6413 135th Ave.,6564369328,Scott48@gmail.com
cust0791,John Smith,5230 59th Blvd.,5476723914,John60@msn.com
cust0792,Sue Lincoln,2075 116th Rd.,3081344217,Sue55@msn.com
cust0793,John Miller,8759 54th Way,6606401447,John61@msn.com
cust0794,Carly Washington,4130 147th Blvd.,1326250681,Carly58@gmail.com
cust0795,Megan Davis,6386 33rd Blvd.,3087275958,Megan39@gmail.com
cust0796,Tom Washington,9202 105th Ln.,4689211238,Tom57@msn.com
cust0797,George Smith,9425 121st Ave.,2931623094,George56@msn.com
cust0798,Carly Williams,1082 157th Dr.,8979541684,Carly59@yahoo.com
cust0799,Pat Davis,3459 30th Pky.,6513955182,Pat55@gmail.com
cust0800,Sue Garfield,9053 2nd Cir.,9493656356,Sue56@yahoo.com
cust0801,Sue Anderson,1088 181st Rd.,8742159533,Sue57@msn.com
cust0802,George Johnson,198 141st Blvd.,3481423882,George57@gmail.com
cust0803,Pat Anderson,739 16th Dr.,1500573993,Pat56@yahoo.com
cust0804,John Smith,8864 31st St.,6483257134,John62@yahoo.com
cust0805,George Garfield,3283 177th Pl.,3390120562,George58@msn.com
cust0806,George Williams,6448 66th Blvd.,8097663104,George59@gmail.com
cust0807,Sue Garfield,8911 103rd Dr.,9536196753,Sue58@gmail.com
cust0808,Tom Lincoln,7566 134th Ave.,2898882140,Tom58@gmail.com
cust0809,Carly Anderson,6631 110th Pky.,3989766799,Carly60@msn.com
cust0810,George Anderson,1213 108th Ln.,6894412161,George60@msn.com
cust0811,George Davis,3819 152nd Way,9794962119,George61@msn.com
cust0812,Pat Williams,1640 24th St.,2917478589,Pat57@yahoo.com
cust0813,Chris Lincoln,5129 139th Ave.,3065044606,Chris53@yahoo.com
cust0814,George Anderson,691 10th Rd.,7625835534,George62@gmail.com
cust0815,Jordan Smith,7816 171st Cir.,1018203581,Jordan59@yahoo.com
cust0816,Sue Lincoln,5925 100th Way,5774599637,Sue59@yahoo.com
cust0817,Cary Miller,3233 67th Pl.,8616127138,Cary51@aol.com
cust0818,Carly Anderson,4434 70th Dr.,7828223493,Carly61@msn.com
cust0819,Sue Anderson,2673 155th Ln.,4351802908,Sue60@aol.com
cust0820,Mark Anderson,141 149th Dr.,3968155733,Mark57@yahoo.com
cust0821,Sue Smith,4085 191st Dr.,5520756204,Sue61@aol.com
cust0822,John Anderson,9040 78th Ave.,5527744762,John63@gmail.com
cust0823,Jordan Madison,7264 136th Cir.,8007161890,Jordan60@yahoo.com
cust0824,Tom Anderson,3205 193rd Way,8907485712,Tom59@yahoo.com
cust0825,Carey Smith,8385 171st Pky.,9651593777,Carey45@aol.com
cust0826,Megan Anderson,2307 132nd Pl.,2050802477,Megan40@yahoo.com
cust0827,Carey Brown,1300 21st Pky.,5741842004,Carey46@msn.com
cust0828,Chris Davis,7469 88th Pl.,9001548608,Chris54@gmail.com
cust0829,Lisa Williams,4482 164th Blvd.,4366617454,Lisa54@gmail.com
cust0830,Megan Johnson,1661 25th Pky.,9736969536,Megan41@aol.com
cust0831,Carly Brown,1521 189th Ave.,8575835866,Carly62@gmail.com
cust0832,Pat Smith,1095 119th Pl.,4491649805,Pat58@aol.com
cust0833,Scott Lincoln,1043 42nd Ave.,9289370467,Scott49@yahoo.com
cust0834,Chris Washington,6237 173rd Dr.,3440783469,Chris55@gmail.com
cust0835,Carly Lincoln,6391 109th Rd.,7338901154,Carly63@yahoo.com
cust0836,Carly Smith,8550 196th Blvd.,6109274698,Carly64@yahoo.com
cust0837,Carey Garfield,8485 68th Blvd.,7882939608,Carey47@aol.com
cust0838,Chris Williams,9134 135th Way,2810268157,Chris56@gmail.com
cust0839,Scott Garfield,2798 102nd Rd.,5355063377,Scott50@gmail.com
cust0840,Megan Anderson,6618 168th Blvd.,4675158913,Megan42@yahoo.com
cust0841,Sue Anderson,8436 11th Pky.,8391017903,Sue62@aol.com
cust0842,Chris Washington,1529 163rd Dr.,9736578397,Chris57@gmail.com
cust0843,Cary Brown,1159 28th Cir.,3836949342,Cary52@msn.com
cust0844,Scott Anderson,7736 119th Pl.,2985827242,Scott51@gmail.com
cust0845,John Garfield,3191 166th Dr.,2432225381,John64@gmail.com
cust0846,Carey Johnson,6756 8th Ln.,4439033966,Carey48@gmail.com
cust0847,Megan Lincoln,3092 188th Ln.,6340151790,Megan43@msn.com
cust0848,Lisa Brown,7281 98th Ave.,8136964065,Lisa55@yahoo.com
cust0849,Chris Madison,926 194th Cir.,5231994580,Chris58@gmail.com
cust0850,Cary Garfield,9447 5th Pky.,2511992844,Cary53@yahoo.com
cust0851,Sue Davis,1502 62nd Blvd.,8137106417,Sue63@aol.com
cust0852,John Davis,976 110th Blvd.,8897103910,John65@yahoo.com
cust0853,Jordan Brown,4328 121st St.,9149134276,Jordan61@msn.com
cust0854,Jordan Davis,7588 85th Way,5996083236,Jordan62@aol.com
cust0855,Megan Anderson,4593 173rd Ave.,4964683080,Megan44@gmail.com
cust0856,Tom Miller,9629 65th Cir.,6270990321,Tom60@yahoo.com
cust0857,Megan Williams,4580 142nd Dr.,8801069494,Megan45@gmail.com
cust0858,Megan Brown,5292 119th Pl.,3650364338,Megan46@msn.com
cust0859,George Smith,9039 69th Blvd.,2816814700,George63@msn.com
cust0860,George Madison,4241 136th Pl.,6768582877,George64@yahoo.com
cust0861,Megan Johnson,4239 35th Rd.,9822543183,Megan47@msn.com
cust0862,Jordan Miller,9397 20th St.,8209441112,Jordan63@aol.com
cust0863,Scott Johnson,5689 6th Dr.,5462837927,Scott52@msn.com
cust0864,Cary Davis,1220 74th Dr.,5528126389,Cary54@aol.com
cust0865,Cary Davis,3164 148th Dr.,9841404100,Cary55@gmail.com
cust0866,Josh Madison,1956 29th Blvd.,2838330534,Josh57@msn.com
cust0867,Carly Madison,323 194th St.,4894695036,Carly65@gmail.com
cust0868,Scott Williams,3176 172nd Ave.,4283788939,Scott53@yahoo.com
cust0869,Tom Smith,9844 167th Blvd.,5844305328,Tom61@yahoo.com
cust0870,Megan Madison,7951 97th Pky.,2560793574,Megan48@msn.com
cust0871,Carly Smith,930 153rd Cir.,3525880748,Carly66@yahoo.com
cust0872,Lisa Davis,4153 109th Ave.,9415126937,Lisa56@yahoo.com
cust0873,John Miller,4217 69th St.,8178597676,John66@gmail.com
cust0874,Carey Madison,9506 195th Ln.,9022856055,Carey49@msn.com
cust0875,Lisa Davis,7886 40th Pky.,2335429347,Lisa57@msn.com
cust0876,Carey Williams,9467 183rd Pky.,9673190293,Carey50@aol.com
cust0877,Carly Brown,5450 58th Ln.,9017852336,Carly67@msn.com
cust0878,Pat Anderson,4937 156th Ave.,8577386865,Pat59@msn.com
cust0879,Cary Davis,6731 165th Ave.,2235579886,Cary56@msn.com
cust0880,Josh Washington,1800 80th Rd.,8053342819,Josh58@gmail.com
cust0881,Carly Brown,6386 129th Ln.,2495174633,Carly68@gmail.com
cust0882,Cary Davis,2475 80th Rd.,4887762619,Cary57@gmail.com
cust0883,Tom Garfield,3717 14th Ave.,9727151509,Tom62@gmail.com
cust0884,Sue Washington,4630 114th Dr.,2344023850,Sue64@aol.com
cust0885,Megan Garfield,7562 108th Ln.,9143859086,Megan49@aol.com
cust0886,Mark Lincoln,7010 106th St.,5549824809,Mark58@msn.com
cust0887,Cary Miller,876 146th Way,7933037696,Cary58@gmail.com
cust0888,Jordan Madison,4148 10th Way,5054304921,Jordan64@aol.com
cust0889,George Smith,87 90th Ln.,7758652793,George65@msn.com
cust0890,Carey Davis,5490 118th Cir.,6803104829,Carey51@aol.com
cust0891,George Lincoln,8291 72nd Cir.,9945475301,George66@yahoo.com
cust0892,Sue Brown,4027 191st Way,1572120225,Sue65@yahoo.com
cust0893,John Madison,6211 155th Ln.,1629690955,John67@yahoo.com
cust0894,Pat Miller,3599 183rd Pl.,6455533654,Pat60@aol.com
cust0895,Carly Davis,5765 69th Rd.,1360229030,Carly69@gmail.com
cust0896,Pat Garfield,6748 54th St.,5970799771,Pat61@gmail.com
cust0897,Chris Williams,4886 101st Pky.,7863345254,Chris59@gmail.com
cust0898,Chris Washington,5579 156th Dr.,6023876534,Chris60@gmail.com
cust0899,Cary Madison,9512 146th Ave.,7011632557,Cary59@aol.com
cust0900,Megan Miller,736 65th St.,8269449066,Megan50@yahoo.com
cust0901,George Miller,6501 124th Cir.,9048450709,George67@aol.com
cust0902,Josh Lincoln,2168 120th Pky.,4295397454,Josh59@aol.com
cust0903,Carly Davis,4998 170th Ave.,8847528999,Carly70@msn.com
cust0904,John Brown,7409 69th Pky.,5976351808,John68@msn.com
cust0905,Carly Madison,6579 111st Way,2140766140,Carly71@yahoo.com
cust0906,Lisa Miller,9723 172nd Pky.,6930483340,Lisa58@aol.com
cust0907,Scott Madison,7277 172nd Pl.,4506234337,Scott54@gmail.com
cust0908,John Anderson,4054 152nd Way,7812436264,John69@aol.com
cust0909,Jordan Garfield,3408 164th Pl.,6353874451,Jordan65@aol.com
cust0910,Chris Anderson,5171 11th Way,2490869672,Chris61@aol.com
cust0911,Scott Davis,2853 184th Ln.,8402445908,Scott55@msn.com
cust0912,Pat Anderson,9102 45th Blvd.,5126186658,Pat62@aol.com
cust0913,George Garfield,8283 44th Rd.,3517187674,George68@msn.com
cust0914,Tom Brown,4052 20th Pky.,9464437187,Tom63@gmail.com
cust0915,Scott Miller,2372 57th Way,9780441473,Scott56@gmail.com
cust0916,Lisa Madison,2949 79th Ln.,4693713915,Lisa59@msn.com
cust0917,Tom Madison,6711 141st Dr.,2962393603,Tom64@aol.com
cust0918,Jordan Johnson,850 44th St.,8147021349,Jordan66@gmail.com
cust0919,Mark Garfield,5249 194th Cir.,8121368503,Mark59@aol.com
cust0920,Cary Johnson,6487 13th Pl.,7989197870,Cary60@gmail.com
cust0921,George Johnson,3287 169th Way,8642071084,George69@yahoo.com
cust0922,Pat Washington,7473 30th Pl.,4519530045,Pat63@msn.com
cust0923,Sue Miller,5203 128th Blvd.,9590372731,Sue66@msn.com
cust0924,Cary Williams,7043 131st Cir.,1850714332,Cary61@aol.com
cust0925,George Lincoln,4465 1st St.,6020520391,George70@msn.com
cust0926,Megan Garfield,3730 36th Cir.,6956575472,Megan51@aol.com
cust0927,George Johnson,7529 72nd Pl.,5314109541,George71@aol.com
cust0928,Josh Madison,9741 56th Way,6449291603,Josh60@gmail.com
cust0929,John Miller,3188 200th Pky.,9158901698,John70@aol.com
cust0930,Josh Miller,7013 114th Way,7431561503,Josh61@gmail.com
cust0931,Josh Williams,2071 153rd Cir.,7984428049,Josh62@aol.com
cust0932,Josh Washington,2756 97th Pl.,1193123806,Josh63@msn.com
cust0933,Jordan Washington,4377 134th Rd.,4785970138,Jordan67@yahoo.com
cust0934,John Miller,555 70th Blvd.,6468030710,John71@gmail.com
cust0935,Megan Madison,7239 200th Pky.,4625548319,Megan52@gmail.com
cust0936,Megan Garfield,5522 176th Dr.,2151565681,Megan53@msn.com
cust0937,Mark Miller,4263 180th Ln.,3147372848,Mark60@yahoo.com
cust0938,Mark Davis,9144 85th Dr.,6250964468,Mark61@msn.com
cust0939,Carly Garfield,3733 168th Ln.,3211091282,Carly72@gmail.com
cust0940,Megan Lincoln,5566 183rd Cir.,7550104789,Megan54@yahoo.com
cust0941,Jordan Davis,2722 163rd Pky.,7502203626,Jordan68@msn.com
cust0942,Jordan Davis,6579 124th Ave.,4748066709,Jordan69@gmail.com
cust0943,John Anderson,3595 150th Ave.,9827847867,John72@gmail.com
cust0944,Sue Davis,1321 176th Way,4106480462,Sue67@msn.com
cust0945,Pat Anderson,4962 96th Ln.,5165204004,Pat64@msn.com
cust0946,Carly Williams,9765 108th Rd.,4460487743,Carly73@msn.com
cust0947,Carly Miller,449 195th Pky.,2586182116,Carly74@gmail.com
cust0948,Lisa Lincoln,3081 95th Pky.,8500112873,Lisa60@aol.com
cust0949,Jordan Garfield,5699 56th Ln.,6574422061,Jordan70@aol.com
cust0950,Sue Anderson,5415 85th Pl.,9889404414,Sue68@msn.com
cust0951,Lisa Brown,5756 194th Cir.,5683364788,Lisa61@msn.com
cust0952,Pat Madison,3473 110th St.,7730798873,Pat65@msn.com
cust0953,Megan Anderson,6006 172nd Dr.,8264729469,Megan55@yahoo.com
cust0954,Tom Johnson,3149 9th Dr.,6761162279,Tom65@msn.com
cust0955,Josh Lincoln,2395 146th Blvd.,7138457425,Josh64@aol.com
cust0956,Jordan Johnson,1741 186th Blvd.,3789644033,Jordan71@gmail.com
cust0957,Lisa Brown,4622 93rd Blvd.,7904648568,Lisa62@aol.com
cust0958,John Anderson,5493 149th Pky.,8040720240,John73@aol.com
cust0959,Cary Washington,629 21st Dr.,3964597875,Cary62@gmail.com
cust0960,Tom Washington,9792 90th Blvd.,9214917184,Tom66@yahoo.com
cust0961,George Johnson,2802 94th Pky.,2332203879,George72@yahoo.com
cust0962,Lisa Washington,7315 11th Pl.,3527387258,Lisa63@gmail.com
cust0963,Cary Garfield,8426 91st Cir.,3850133098,Cary63@yahoo.com
cust0964,Tom Williams,3267 181st Rd.,3252442404,Tom67@yahoo.com
cust0965,Carey Brown,428 56th Pl.,8393025194,Carey52@yahoo.com
cust0966,Carly Madison,9583 94th Cir.,4580533204,Carly75@gmail.com
cust0967,Tom Madison,2280 188th Ln.,9070388402,Tom68@aol.com
cust0968,Jordan Davis,5058 65th Rd.,1195919354,Jordan72@yahoo.com
cust0969,Megan Lincoln,1102 70th Blvd.,2856971942,Megan56@gmail.com
cust0970,Scott Davis,3003 120th Cir.,6170324996,Scott57@gmail.com
cust0971,Carey Washington,7312 185th Blvd.,1178680724,Carey53@msn.com
cust0972,John Madison,5895 119th Dr.,9219170368,John74@msn.com
cust0973,Lisa Lincoln,5739 31st Ave.,8980310983,Lisa64@msn.com
cust0974,Carly Miller,8119 25th St.,8612318901,Carly76@gmail.com
cust0975,Sue Miller,7992 14th Pl.,9749611275,Sue69@yahoo.com
cust0976,Sue Johnson,113 113rd Way,5316726878,Sue70@gmail.com
cust0977,Carey Williams,468 50th Ln.,9878439672,Carey54@msn.com
cust0978,Chris Washington,4209 117th Dr.,7133434031,Chris62@aol.com
cust0979,Lisa Garfield,7913 148th Ave.,7758244925,Lisa65@gmail.com
cust0980,Tom Smith,2595 180th Pl.,9523258475,Tom69@msn.com
cust0981,Pat Brown,4098 101st St.,5404095561,Pat66@gmail.com
cust0982,Megan Davis,9859 80th Ln.,4707959509,Megan57@msn.com
cust0983,Cary Davis,1271 4th Blvd.,8683426481,Cary64@gmail.com
cust0984,Tom Davis,2101 143rd Way,6157840216,Tom70@gmail.com
cust0985,Carly Miller,9870 123rd Pl.,7381880126,Carly77@aol.com
cust0986,Cary Anderson,2117 30th Cir.,7401163268,Cary65@msn.com
cust0987,Jordan Smith,8827 31st Dr.,3008786781,Jordan73@yahoo.com
cust0988,Carey Anderson,9845 129th Ave.,3174752681,Carey55@yahoo.com
cust0989,Pat Lincoln,1768 36th Dr.,9959764474,Pat67@gmail.com
cust0990,George Lincoln,2457 171st Pl.,3400017996,George73@gmail.com
cust0991,Megan Davis,914 164th Ave.,3606549989,Megan58@gmail.com
cust0992,Lisa Williams,5239 134th Rd.,6920166907,Lisa66@aol.com
cust0993,George Anderson,5702 172nd Rd.,8192197798,George74@msn.com
cust0994,Josh Madison,4378 150th Cir.,1816785493,Josh65@gmail.com
cust0995,Scott Smith,3724 71st Cir.,4187435057,Scott58@aol.com
cust0996,Megan Williams,8719 7th Ave.,6754026658,Megan59@gmail.com
cust0997,Pat Johnson,4180 87th Ln.,8419192614,Pat68@aol.com
cust0998,George Anderson,5780 133rd Pky.,8332345638,George75@aol.com
cust0999,Scott Garfield,8149 192nd Pl.,5395336696,Scott59@yahoo.com
cust1000,Pat Smith,1098 85th Way,4901052514,Pat69@yahoo.com
